<?xml version='1.0'?>
<?xml-stylesheet type="text/xsl" href="conceptscheme.xsl"?>
<Structure xmlns:structure='http://www.SDMX.org/resources/SDMXML/schemas/v2_0/structure' xsi:schemaLocation='http://www.SDMX.org/resources/SDMXML/schemas/v2_0/message SDMXMessage.xsd' xmlns:xsi='http://www.w3.org/2001/XMLSchema-instance' xmlns='http://www.SDMX.org/resources/SDMXML/schemas/v2_0/message'>
	<Header>
		<ID>SDMX-HD-DSD</ID>
		<Test>false</Test>
		<Truncated>false</Truncated>
		<Name xml:lang='en'>SDMX Health Domain</Name>
		<Prepared>2009-03-20</Prepared>
		<Sender id='SDMX-HD'>
			<Name>SDMX-HD Health Domain</Name>
			<Contact>
				<Name xml:lang='en'>Patrick Whitaker</Name>
				<Department>Health Care Informatics</Department>
				<Telephone>+41.22.791.1372</Telephone>
				<Email>whitakerp@who.int</Email>
			</Contact>
		</Sender>
		<Extracted>2009-03-20T13:03:46</Extracted>
	</Header>
	<Concepts>
		<structure:ConceptScheme agencyID='SDMX-HD' isFinal='true' id='CS_ATTRIBUTE' version='1.0' urn='urn:sdmx:org.sdmx.infomodel.conceptscheme.ConceptScheme=SDMX-HD:CS_ATTRIBUTE[1.0]'><structure:Name xml:lang='en'>SDMX-HD Common Attribute and Metadata Attribute
				Elements</structure:Name><structure:Description xml:lang='en'>This Concept Scheme contains harmonized data
				elements used across multiple metadata codelists.</structure:Description><structure:Concept id='ASOURCE' urn='urn:sdmx:org.sdmx.infomodel.conceptscheme.Concept=SDMX-HD:CS_ATTRIBUTE[1.0].ASOURCE'><structure:Name xml:lang='en'>Administrative Source</structure:Name><structure:Description xml:lang='en'>Public health initiative to which the indicator
					is linked.</structure:Description></structure:Concept><structure:Concept id='COMMENT_DATASET' urn='urn:sdmx:org.sdmx.infomodel.conceptscheme.Concept=SDMX-HD:CS_ATTRIBUTE[1.0].COMMENT_DATASET'><structure:Name xml:lang='en'>Dataset Comment</structure:Name><structure:Description xml:lang='en'>A comment related to the
					Dataset</structure:Description></structure:Concept><structure:Concept id='COMMENT_IND' urn='urn:sdmx:org.sdmx.infomodel.conceptscheme.Concept=SDMX-HD:CS_ATTRIBUTE[1.0].COMMENT_IND'><structure:Name xml:lang='en'>Indicator Comment</structure:Name><structure:Description xml:lang='en'>A comment related to the
					Indicator</structure:Description></structure:Concept><structure:Concept id='COMMENT_OBS' urn='urn:sdmx:org.sdmx.infomodel.conceptscheme.Concept=SDMX-HD:CS_ATTRIBUTE[1.0].COMMENT_OBS'><structure:Name xml:lang='en'>Observation Comment</structure:Name><structure:Description xml:lang='en'>A comment related to the observational data
					recorded.</structure:Description></structure:Concept><structure:Concept id='CURRENCY' urn='urn:sdmx:org.sdmx.infomodel.conceptscheme.Concept=SDMX-HD:CS_ATTRIBUTE[1.0].CURRENCY'><structure:Name xml:lang='en'>Currency</structure:Name><structure:Description xml:lang='en'>Currency.</structure:Description></structure:Concept><structure:Concept id='DUNS' urn='urn:sdmx:org.sdmx.infomodel.conceptscheme.Concept=SDMX-HD:CS_ATTRIBUTE[1.0].DUNS'><structure:Name xml:lang='en'>Data Universal Numbering System</structure:Name><structure:Description xml:lang='en'>The Data Universal Numbering System,
					abbreviated as DUNS or D-U-N-S is a system developed and regulated by Dun and
					Bradstreet (D&amp;B) which assigns a unique numeric identifier to a single
					business entity</structure:Description></structure:Concept><structure:Concept id='DDATE' urn='urn:sdmx:org.sdmx.infomodel.conceptscheme.Concept=SDMX-HD:CS_ATTRIBUTE[1.0].DDATE'><structure:Name xml:lang='en'>Definition Date</structure:Name><structure:Description xml:lang='en'>Date of definition of the
					indicator.</structure:Description><structure:TextFormat textType='Date'/>
			</structure:Concept><structure:Concept id='DATE_COLLECT' urn='urn:sdmx:org.sdmx.infomodel.conceptscheme.Concept=SDMX-HD:CS_ATTRIBUTE[1.0].DATE_COLLECT'><structure:Name xml:lang='en'>Date of Collection</structure:Name><structure:Description xml:lang='en'>Date of data
					collection.</structure:Description><structure:TextFormat textType='Date'/>
			</structure:Concept><structure:Concept id='DISAGG' urn='urn:sdmx:org.sdmx.infomodel.conceptscheme.Concept=SDMX-HD:CS_ATTRIBUTE[1.0].DISAGG'><structure:Name xml:lang='en'>Disaggregation</structure:Name><structure:Description xml:lang='en'>Dimensions upon which the indicator is
					disaggregated.</structure:Description></structure:Concept><structure:Concept id='DOC' urn='urn:sdmx:org.sdmx.infomodel.conceptscheme.Concept=SDMX-HD:CS_ATTRIBUTE[1.0].DOC'><structure:Name xml:lang='en'>Documentation</structure:Name><structure:Description xml:lang='en'>Explanation of how the indicator value is
					calculated, including an example or hyperlink.</structure:Description></structure:Concept><structure:Concept id='DSOURCE' urn='urn:sdmx:org.sdmx.infomodel.conceptscheme.Concept=SDMX-HD:CS_ATTRIBUTE[1.0].DSOURCE'><structure:Name xml:lang='en'>Data Source</structure:Name><structure:Description xml:lang='en'>The different data collection/measurement tool
					that contain the indicator or data elements needed for the construction of the
					indicator.</structure:Description></structure:Concept><structure:Concept id='DSTYPE' urn='urn:sdmx:org.sdmx.infomodel.conceptscheme.Concept=SDMX-HD:CS_ATTRIBUTE[1.0].DSTYPE'><structure:Name xml:lang='en'>Data Source Type</structure:Name><structure:Description xml:lang='en'>The type of data source</structure:Description></structure:Concept><structure:Concept id='DTYPE' urn='urn:sdmx:org.sdmx.infomodel.conceptscheme.Concept=SDMX-HD:CS_ATTRIBUTE[1.0].DTYPE'><structure:Name xml:lang='en'>Datatype</structure:Name><structure:Description xml:lang='en'>Type of indicator
					value.</structure:Description></structure:Concept><structure:Concept id='EXPERT' urn='urn:sdmx:org.sdmx.infomodel.conceptscheme.Concept=SDMX-HD:CS_ATTRIBUTE[1.0].EXPERT'><structure:Name xml:lang='en'>Domain Expert</structure:Name><structure:Description xml:lang='en'>Person to contact for questions regarding
					indicator</structure:Description></structure:Concept><structure:Concept id='FDATA' urn='urn:sdmx:org.sdmx.infomodel.conceptscheme.Concept=SDMX-HD:CS_ATTRIBUTE[1.0].FDATA'><structure:Name xml:lang='en'>Year of First Available Data</structure:Name><structure:Description xml:lang='en'>Year of the first available data available in
					the dataset for the indicator.</structure:Description><structure:TextFormat textType='Year'/>
			</structure:Concept><structure:Concept id='FPERIOD' urn='urn:sdmx:org.sdmx.infomodel.conceptscheme.Concept=SDMX-HD:CS_ATTRIBUTE[1.0].FPERIOD'><structure:Name xml:lang='en'>Follow-up Period</structure:Name><structure:Description xml:lang='en'>Follow-up time periods.</structure:Description></structure:Concept><structure:Concept id='GCODE_COUNTRY' urn='urn:sdmx:org.sdmx.infomodel.conceptscheme.Concept=SDMX-HD:CS_ATTRIBUTE[1.0].GCODE_COUNTRY'><structure:Name xml:lang='en'>Country list</structure:Name><structure:Description xml:lang='en'>ISO 3166 two-character country
					code.</structure:Description></structure:Concept><structure:Concept id='GBOUNDARY_TYPE' urn='urn:sdmx:org.sdmx.infomodel.conceptscheme.Concept=SDMX-HD:CS_ATTRIBUTE[1.0].GBOUNDARY_TYPE'><structure:Name xml:lang='en'>Geographic Boundary Type</structure:Name><structure:Description xml:lang='en'>Type of boundary entity, e.g.
					administrative.</structure:Description></structure:Concept><structure:Concept id='GLEVEL' urn='urn:sdmx:org.sdmx.infomodel.conceptscheme.Concept=SDMX-HD:CS_ATTRIBUTE[1.0].GLEVEL'><structure:Name xml:lang='en'>Geographic Level</structure:Name><structure:Description xml:lang='en'>Geographic Administrative
					Level</structure:Description></structure:Concept><structure:Concept id='GLATITUDE' urn='urn:sdmx:org.sdmx.infomodel.conceptscheme.Concept=SDMX-HD:CS_ATTRIBUTE[1.0].GLATITUDE'><structure:Name xml:lang='en'>Geographic Latitude</structure:Name><structure:Description xml:lang='en'>Geographic Latitude</structure:Description></structure:Concept><structure:Concept id='GLONGITUDE' urn='urn:sdmx:org.sdmx.infomodel.conceptscheme.Concept=SDMX-HD:CS_ATTRIBUTE[1.0].GLONGITUDE'><structure:Name xml:lang='en'>Geographic Longitude</structure:Name><structure:Description xml:lang='en'>Geographic Longitude</structure:Description></structure:Concept><structure:Concept id='GUIDE' urn='urn:sdmx:org.sdmx.infomodel.conceptscheme.Concept=SDMX-HD:CS_ATTRIBUTE[1.0].GUIDE'><structure:Name xml:lang='en'>Guidelines</structure:Name><structure:Description xml:lang='en'>Provides the reference document(s) where the
					indicator is described, including links.</structure:Description></structure:Concept><structure:Concept id='HIF' urn='urn:sdmx:org.sdmx.infomodel.conceptscheme.Concept=SDMX-HD:CS_ATTRIBUTE[1.0].HIF1'><structure:Name xml:lang='en'>Health Indicators Framework</structure:Name><structure:Description xml:lang='en'>ISO/TS 21667:2004(E) Health Indicators
					Conceptual Framework (hierarchical parent)</structure:Description></structure:Concept><structure:Concept id='KWORDS' urn='urn:sdmx:org.sdmx.infomodel.conceptscheme.Concept=SDMX-HD:CS_ATTRIBUTE[1.0].KWORDS'><structure:Name xml:lang='en'>Keywords</structure:Name><structure:Description xml:lang='en'>Keywords for searching for this
					indicator.</structure:Description></structure:Concept><structure:Concept id='LDATA' urn='urn:sdmx:org.sdmx.infomodel.conceptscheme.Concept=SDMX-HD:CS_ATTRIBUTE[1.0].LDATA'><structure:Name xml:lang='en'>Year of Latest Available Data</structure:Name><structure:Description xml:lang='en'>Year of the latest available data available in
					the dataset for the indicator.</structure:Description><structure:TextFormat textType='Year'/>
			</structure:Concept><structure:Concept id='LIMIT' urn='urn:sdmx:org.sdmx.infomodel.conceptscheme.Concept=SDMX-HD:CS_ATTRIBUTE[1.0].LIMIT'><structure:Name xml:lang='en'>Strengths and limitations</structure:Name><structure:Description xml:lang='en'>Explains (1) the strengths of the indicator,
					i.e. what the meaning of the indicator is within a programmatic context and why
					it is useful to collect, and (2) the weaknesses of the indicator, i.e. what the
					indicator does not measure.</structure:Description></structure:Concept><structure:Concept id='LOGICAL_VALUE' urn='urn:sdmx:org.sdmx.infomodel.conceptscheme.Concept=SDMX-HD:CS_ATTRIBUTE[1.0].LOGICAL_VALUE'><structure:Name xml:lang='en'>Indicator Value of type Logical</structure:Name><structure:Description xml:lang='en'>Represent an Indicator of type logical where
					the observation data is often the answer to a question : Yes or
					No</structure:Description></structure:Concept><structure:Concept id='METHOD' urn='urn:sdmx:org.sdmx.infomodel.conceptscheme.Concept=SDMX-HD:CS_ATTRIBUTE[1.0].METHOD'><structure:Name xml:lang='en'>Methodology</structure:Name><structure:Description xml:lang='en'>Indicates the methodology for data collection
					not otherwise specified.</structure:Description></structure:Concept><structure:Concept id='MULT' urn='urn:sdmx:org.sdmx.infomodel.conceptscheme.Concept=SDMX-HD:CS_ATTRIBUTE[1.0].MULT'><structure:Name xml:lang='en'>Multiplier</structure:Name><structure:Description xml:lang='en'>This number multiplied by the value computes
					the actual indicator value</structure:Description></structure:Concept><structure:Concept id='METYPE' urn='urn:sdmx:org.sdmx.infomodel.conceptscheme.Concept=SDMX-HD:CS_ATTRIBUTE[1.0].METYPE'><structure:Name xml:lang='en'>ME Type</structure:Name><structure:Description xml:lang='en'>Classification of the indicator based on its
					Monitoring and Evaluation context.</structure:Description></structure:Concept><structure:Concept id='ORG_MAINT' urn='urn:sdmx:org.sdmx.infomodel.conceptscheme.Concept=SDMX-HD:CS_ATTRIBUTE[1.0].ORG_MAINT'><structure:Name xml:lang='en'>Maintaining Organization</structure:Name><structure:Description xml:lang='en'>Organization maintaining indicator
					definition.</structure:Description></structure:Concept><structure:Concept id='OPERAND' urn='urn:sdmx:org.sdmx.infomodel.conceptscheme.Concept=SDMX-HD:CS_ATTRIBUTE[1.0].OPERAND'><structure:Name xml:lang='en'>Operand</structure:Name><structure:Description xml:lang='en'>Operand.</structure:Description></structure:Concept><structure:Concept id='ORG_COMP' urn='urn:sdmx:org.sdmx.infomodel.conceptscheme.Concept=SDMX-HD:CS_ATTRIBUTE[1.0].ORG_COMP'><structure:Name xml:lang='en'>Compiling Organization</structure:Name><structure:Description xml:lang='en'>Organization that compiled the
					data.</structure:Description></structure:Concept><structure:Concept id='ORG_RESP' urn='urn:sdmx:org.sdmx.infomodel.conceptscheme.Concept=SDMX-HD:CS_ATTRIBUTE[1.0].ORG_RESP'><structure:Name xml:lang='en'>Responsible Organization</structure:Name><structure:Description xml:lang='en'>Lead agency(s) which published the indicator,
					indicator source.</structure:Description></structure:Concept><structure:Concept id='OSOURCE' urn='urn:sdmx:org.sdmx.infomodel.conceptscheme.Concept=SDMX-HD:CS_ATTRIBUTE[1.0].OSOURCE'><structure:Name xml:lang='en'>Other Sources</structure:Name><structure:Description xml:lang='en'>All other data sources from which information
					for the indicator could be collected.</structure:Description></structure:Concept><structure:Concept id='OTYPE' urn='urn:sdmx:org.sdmx.infomodel.conceptscheme.Concept=SDMX-HD:CS_ATTRIBUTE[1.0].OTYPE'><structure:Name xml:lang='en'>Organization Type</structure:Name><structure:Description xml:lang='en'>Organization type.</structure:Description></structure:Concept><structure:Concept id='PERIODICITY' urn='urn:sdmx:org.sdmx.infomodel.conceptscheme.Concept=SDMX-HD:CS_ATTRIBUTE[1.0].PERIODICITY'><structure:Name xml:lang='en'>Periodicity</structure:Name><structure:Description xml:lang='en'>Periodicity refers to the frequency of
					compilation of the data (e.g., a time series could be available at annual
					frequency but the underlying data are compiled monthly, thus have a monthly
					periodicity).</structure:Description></structure:Concept><structure:Concept id='PREFERRED' urn='urn:sdmx:org.sdmx.infomodel.conceptscheme.Concept=SDMX-HD:CS_ATTRIBUTE[1.0].PREFERRED'><structure:Name xml:lang='en'>Preferred Definition</structure:Name><structure:Description xml:lang='en'>Indicates the preferred indicator among related
					indicators and versions.</structure:Description><structure:TextFormat textType='Boolean'/>
			</structure:Concept><structure:Concept id='PSTATUS' urn='urn:sdmx:org.sdmx.infomodel.conceptscheme.Concept=SDMX-HD:CS_ATTRIBUTE[1.0].PSTATUS'><structure:Name xml:lang='en'>Programme Status</structure:Name><structure:Description xml:lang='en'>Programme status.</structure:Description></structure:Concept><structure:Concept id='PTYPE' urn='urn:sdmx:org.sdmx.infomodel.conceptscheme.Concept=SDMX-HD:CS_ATTRIBUTE[1.0].PTYPE'><structure:Name xml:lang='en'>Programme Type</structure:Name><structure:Description xml:lang='en'>Programme type
					hierarchy.</structure:Description></structure:Concept><structure:Concept id='PSOURCE' urn='urn:sdmx:org.sdmx.infomodel.conceptscheme.Concept=SDMX-HD:CS_ATTRIBUTE[1.0].PSOURCE'><structure:Name xml:lang='en'>Preferred Sources</structure:Name><structure:Description xml:lang='en'>Ideal data sources at the national level from
					which information for the indicator should be collected.</structure:Description></structure:Concept><structure:Concept id='RATIONALE' urn='urn:sdmx:org.sdmx.infomodel.conceptscheme.Concept=SDMX-HD:CS_ATTRIBUTE[1.0].RATIONALE'><structure:Name xml:lang='en'>Rationale or Purpose</structure:Name><structure:Description xml:lang='en'>Rationale or purpose for the
					indicator.</structure:Description></structure:Concept><structure:Concept id='RDATA' urn='urn:sdmx:org.sdmx.infomodel.conceptscheme.Concept=SDMX-HD:CS_ATTRIBUTE[1.0].RDATA'><structure:Name xml:lang='en'>Date of reporting of data.</structure:Name><structure:Description xml:lang='en'>Date of reporting of
					data.</structure:Description><structure:TextFormat textType='Date'/>
			</structure:Concept><structure:Concept id='RPERIOD' urn='urn:sdmx:org.sdmx.infomodel.conceptscheme.Concept=SDMX-HD:CS_ATTRIBUTE[1.0].RPERIOD'><structure:Name xml:lang='en'>Reference Period</structure:Name><structure:Description xml:lang='en'>Reference period for annual reporting which may
					include data for various years.</structure:Description></structure:Concept><structure:Concept id='SDESIGN' urn='urn:sdmx:org.sdmx.infomodel.conceptscheme.Concept=SDMX-HD:CS_ATTRIBUTE[1.0].SDESIGN'><structure:Name xml:lang='en'>Sample Design</structure:Name><structure:Description xml:lang='en'>Survey sample design.</structure:Description></structure:Concept><structure:Concept id='SET' urn='urn:sdmx:org.sdmx.infomodel.conceptscheme.Concept=SDMX-HD:CS_ATTRIBUTE[1.0].SET'><structure:Name xml:lang='en'>Indicator Set</structure:Name><structure:Description xml:lang='en'>Indicator set.</structure:Description></structure:Concept><structure:Concept id='SEX' urn='urn:sdmx:org.sdmx.infomodel.conceptscheme.Concept=SDMX-HD:CS_ATTRIBUTE[1.0].SEX'><structure:Name xml:lang='en'>Biologic Sex</structure:Name><structure:Description xml:lang='en'>Biologic sex.</structure:Description></structure:Concept><structure:Concept id='STATUS' urn='urn:sdmx:org.sdmx.infomodel.conceptscheme.Concept=SDMX-HD:CS_ATTRIBUTE[1.0].STATUS'><structure:Name xml:lang='en'>Status</structure:Name><structure:Description xml:lang='en'>Indicates whether the indicator is in use, not
					in use, or under development.</structure:Description></structure:Concept><structure:Concept id='SHORT_NAME' urn='urn:sdmx:org.sdmx.infomodel.conceptscheme.Concept=SDMX-HD:CS_ATTRIBUTE[1.0].SHORT_NAME'><structure:Name xml:lang='en'>Short Name</structure:Name><structure:Description xml:lang='en'>This is an abbreviated version of the indicator
					name.</structure:Description></structure:Concept><structure:Concept id='SSIZE' urn='urn:sdmx:org.sdmx.infomodel.conceptscheme.Concept=SDMX-HD:CS_ATTRIBUTE[1.0].SSIZE'><structure:Name xml:lang='en'>Sample Size</structure:Name><structure:Description xml:lang='en'>Survey sample size.</structure:Description></structure:Concept><structure:Concept id='TCOLLECT' urn='urn:sdmx:org.sdmx.infomodel.conceptscheme.Concept=SDMX-HD:CS_ATTRIBUTE[1.0].TCOLLECT'><structure:Name xml:lang='en'>Type of Data Collection</structure:Name><structure:Description xml:lang='en'>Lists the different data collection methods
					that may be used to collect the indicator data.</structure:Description></structure:Concept><structure:Concept id='TSTAT' urn='urn:sdmx:org.sdmx.infomodel.conceptscheme.Concept=SDMX-HD:CS_ATTRIBUTE[1.0].TSTAT'><structure:Name xml:lang='en'>Type of Statistics</structure:Name><structure:Description xml:lang='en'>Type of statistics of the data
					point.</structure:Description></structure:Concept><structure:Concept id='_UID' urn='urn:sdmx:org.sdmx.infomodel.conceptscheme.Concept=SDMX-HD:CS_ATTRIBUTE[1.0]._UID'><structure:Name xml:lang='en'>Unique Identifier</structure:Name><structure:Description xml:lang='en'>A generic way to define a globally unique
					identifier</structure:Description></structure:Concept><structure:Concept id='_CODE' urn='urn:sdmx:org.sdmx.infomodel.conceptscheme.Concept=SDMX-HD:CS_ATTRIBUTE[1.0]._CODE'><structure:Name xml:lang='en'>Code</structure:Name><structure:Description xml:lang='en'>A generic way to define a
					code</structure:Description></structure:Concept><structure:Concept id='_ACRONYM' urn='urn:sdmx:org.sdmx.infomodel.conceptscheme.Concept=SDMX-HD:CS_ATTRIBUTE[1.0]._ACRONYM'><structure:Name xml:lang='en'>Acronym</structure:Name><structure:Description xml:lang='en'>A generic way to define an
					acronym</structure:Description></structure:Concept><structure:Concept id='_DESCRIPTION' urn='urn:sdmx:org.sdmx.infomodel.conceptscheme.Concept=SDMX-HD:CS_ATTRIBUTE[1.0]._DESCRIPTION'><structure:Name xml:lang='en'>Description</structure:Name><structure:Description xml:lang='en'>A generic way to define a
					description</structure:Description></structure:Concept><structure:Concept id='_CREATED_ON' urn='urn:sdmx:org.sdmx.infomodel.conceptscheme.Concept=SDMX-HD:CS_ATTRIBUTE[1.0]._CREATED_ON'><structure:Name xml:lang='en'>Created On UTC Date</structure:Name><structure:Description xml:lang='en'>A generic way to define the date something was
					created as a UTC date</structure:Description><structure:TextFormat textType='DateTime'/>
			</structure:Concept><structure:Concept id='_UPDATED_ON' urn='urn:sdmx:org.sdmx.infomodel.conceptscheme.Concept=SDMX-HD:CS_ATTRIBUTE[1.0]._UPDATED_ON'><structure:Name xml:lang='en'>Updated On UTC Date</structure:Name><structure:Description xml:lang='en'>A generic way to define the date something was
					update as a UTC date</structure:Description><structure:TextFormat textType='DateTime'/>
			</structure:Concept><structure:Concept id='_CREATED_BY' urn='urn:sdmx:org.sdmx.infomodel.conceptscheme.Concept=SDMX-HD:CS_ATTRIBUTE[1.0]._CREATED_BY'><structure:Name xml:lang='en'>User who created the information</structure:Name><structure:Description xml:lang='en'>A generic way to define the user that created
					the information</structure:Description></structure:Concept><structure:Concept id='_UPDATED_BY' urn='urn:sdmx:org.sdmx.infomodel.conceptscheme.Concept=SDMX-HD:CS_ATTRIBUTE[1.0]._UPDATED_BY'><structure:Name xml:lang='en'>User who last updated the information</structure:Name><structure:Description xml:lang='en'>A generic way to define the user that last
					updated the information</structure:Description></structure:Concept><structure:Concept id='_ORDER_BY' urn='urn:sdmx:org.sdmx.infomodel.conceptscheme.Concept=SDMX-HD:CS_ATTRIBUTE[1.0]._ORDER_BY'><structure:Name xml:lang='en'>Order By</structure:Name><structure:Description xml:lang='en'>A generic way to define the sort order of some
					information</structure:Description><structure:TextFormat textType='Integer'/>
			</structure:Concept><structure:Concept id='_IS_ARCHIVED' urn='urn:sdmx:org.sdmx.infomodel.conceptscheme.Concept=SDMX-HD:CS_ATTRIBUTE[1.0]._IS_ARCHIVED'><structure:Name xml:lang='en'>Is Archived</structure:Name><structure:Description xml:lang='en'>A generic way to flag is some information is
					Archived. i.e. not currently in use but needed for historical
					data</structure:Description><structure:TextFormat textType='Boolean'/>
			</structure:Concept><structure:Concept id='_IS_READONLY' urn='urn:sdmx:org.sdmx.infomodel.conceptscheme.Concept=SDMX-HD:CS_ATTRIBUTE[1.0]._IS_READONLY'><structure:Name xml:lang='en'>Is Read Only</structure:Name><structure:Description xml:lang='en'>A generic way to define is information is
					read-only</structure:Description><structure:TextFormat textType='Boolean'/>
			</structure:Concept><structure:Concept id='_VERSION' urn='urn:sdmx:org.sdmx.infomodel.conceptscheme.Concept=SDMX-HD:CS_ATTRIBUTE[1.0]._VERSION'><structure:Name xml:lang='en'>Version</structure:Name><structure:Description xml:lang='en'>A generic way to define the version of the
					information</structure:Description></structure:Concept><structure:Concept id='_VSTATUS' urn='urn:sdmx:org.sdmx.infomodel.conceptscheme.Concept=SDMX-HD:CS_ATTRIBUTE[1.0]._VSTATUS'><structure:Name xml:lang='en'>Version Status</structure:Name><structure:Description xml:lang='en'>A generic way to define the version status of
					the information</structure:Description></structure:Concept><structure:Concept id='CALENDAR_TYPE' urn='urn:sdmx:org.sdmx.infomodel.conceptscheme.Concept=SDMX-HD:CS_ATTRIBUTE[1.0].CALENDAR_TYPE'><structure:Name xml:lang='en'>Calendar Type</structure:Name><structure:Description xml:lang='en'>Used to indentify if the calendar for
					observational data is fiscal or like SDMX&amp;#39;s ISO 8601
					implemenation</structure:Description></structure:Concept><structure:Concept id='CONDITION' urn='urn:sdmx:org.sdmx.infomodel.conceptscheme.Concept=SDMX-HD:CS_ATTRIBUTE[1.0].CONDITION'><structure:Name xml:lang='en'>Condition</structure:Name><structure:Description xml:lang='en'>Condition</structure:Description></structure:Concept><structure:Concept id='UNIT' urn='urn:sdmx:org.sdmx.infomodel.conceptscheme.Concept=SDMX-HD:CS_ATTRIBUTE[1.0].UNIT'><structure:Name xml:lang='en'>Unit of measure</structure:Name><structure:Description xml:lang='en'>The unit associated with an indicator
					value.</structure:Description></structure:Concept><structure:Concept id='CONTACT' urn='urn:sdmx:org.sdmx.infomodel.conceptscheme.Concept=SDMX-HD:CS_ATTRIBUTE[1.0].CONTACT'><structure:Name xml:lang='en'>Contact</structure:Name><structure:Description xml:lang='en'>Individual or organisational contact points for
					the data or metadata, including information on how to reach the contact
					points.</structure:Description></structure:Concept><structure:Concept id='CONTACT_EMAIL' urn='urn:sdmx:org.sdmx.infomodel.conceptscheme.Concept=SDMX-HD:CS_ATTRIBUTE[1.0].CONTACT_EMAIL'><structure:Name xml:lang='en'>Contact email address</structure:Name><structure:Description xml:lang='en'>E-mail address of the contact points for the
					data or metadata</structure:Description></structure:Concept><structure:Concept id='CONTACT_FAX' urn='urn:sdmx:org.sdmx.infomodel.conceptscheme.Concept=SDMX-HD:CS_ATTRIBUTE[1.0].CONTACT_FAX'><structure:Name xml:lang='en'>Contact fax number</structure:Name><structure:Description xml:lang='en'>Fax number of the contact points for the data
					or metadata.</structure:Description></structure:Concept><structure:Concept id='CONTACT_MAIL' urn='urn:sdmx:org.sdmx.infomodel.conceptscheme.Concept=SDMX-HD:CS_ATTRIBUTE[1.0].CONTACT_MAIL'><structure:Name xml:lang='en'>Contact mail address</structure:Name><structure:Description xml:lang='en'>The postal address of the contact points for
					the data or metadata.</structure:Description></structure:Concept><structure:Concept id='CONTACT_FUNCT' urn='urn:sdmx:org.sdmx.infomodel.conceptscheme.Concept=SDMX-HD:CS_ATTRIBUTE[1.0].CONTACT_FUNCT'><structure:Name xml:lang='en'>Contact function</structure:Name><structure:Description xml:lang='en'>The area of technical responsibility of the
					contact, such as&amp;#13;&amp;#10;&amp;quot;methodology&amp;quot;,
					&amp;quot;database management&amp;quot; or
					&amp;quot;dissemination&amp;quot;.</structure:Description></structure:Concept><structure:Concept id='CONTACT_PHONE' urn='urn:sdmx:org.sdmx.infomodel.conceptscheme.Concept=SDMX-HD:CS_ATTRIBUTE[1.0].CONTACT_PHONE'><structure:Name xml:lang='en'>Contact phone number</structure:Name><structure:Description xml:lang='en'>The telephone number of the contact points for
					the data or metadata.</structure:Description></structure:Concept><structure:Concept id='OBS_STATUS' urn='urn:sdmx:org.sdmx.infomodel.conceptscheme.Concept=SDMX-HD:CS_ATTRIBUTE[1.0].OBS_STATUS'><structure:Name xml:lang='en'>Observation Status</structure:Name><structure:Description xml:lang='en'>Observation Status</structure:Description></structure:Concept></structure:ConceptScheme></Concepts>
</Structure>
