﻿<?xml version="1.0" encoding="UTF-8"?><?xml-stylesheet type="text/xsl" href="codelist.xsl"?>
<Structure xmlns="http://www.SDMX.org/resources/SDMXML/schemas/v2_0/message" xmlns:structure="http://www.SDMX.org/resources/SDMXML/schemas/v2_0/structure" xmlns:xsi="http://www.w3.org/2001/XMLSchema-instance" xsi:schemaLocation="http://www.SDMX.org/resources/SDMXML/schemas/v2_0/message SDMXMessage.xsd">
  <Header>
    <ID>SDMX-HD-DSD</ID>
    <Test>false</Test>
    <Truncated>false</Truncated>
    <Name xml:lang="en">SDMX Health Domain</Name>
    <Prepared>2009-03-20</Prepared>
    <Sender id="SDMX-HD">
      <Name>SDMX-HD Health Domain</Name>
      <Contact>
        <Name xml:lang="en">Patrick Whitaker</Name>
        <Department>Health Care Informatics</Department>
        <Telephone>+41.22.791.1372</Telephone>
        <Email>whitakerp@who.int</Email>
      </Contact>
    </Sender>
    <Extracted>2009-03-20T13:03:46</Extracted>
  </Header>
  <CodeLists>  
    <structure:CodeList id="CL_DISAGG" agencyID="USG" version="1.0" isFinal="false" urn="urn:sdmx:org.sdmx.infomodel.codelist=USG:CL_DISAGG">
      <structure:Name xml:lang="en">Disaggregation</structure:Name>
      <structure:Description xml:lang="en">Disaggregation dimensions.</structure:Description>
      <structure:Code value="1" urn="urn:sdmx:org.sdmx.infomodel.codelist.Code=USG:CL_DISAGG[1.0].1">
        <structure:Description xml:lang="en">Age</structure:Description>
      </structure:Code>
      <structure:Code value="14" urn="urn:sdmx:org.sdmx.infomodel.codelist.Code=USG:CL_DISAGG[1.0].14">
        <structure:Description xml:lang="en">Emphasis Area</structure:Description>
      </structure:Code>
      <structure:Code value="15" urn="urn:sdmx:org.sdmx.infomodel.codelist.Code=USG:CL_DISAGG[1.0].15">
        <structure:Description xml:lang="en">Funding Mechanism</structure:Description>
      </structure:Code>
      <structure:Code value="18" urn="urn:sdmx:org.sdmx.infomodel.codelist.Code=USG:CL_DISAGG[1.0].18">
        <structure:Description xml:lang="en">Gender</structure:Description>
      </structure:Code>
	  
	  <!-- Add for USG specific needs. Hence this commmon code list is overrided as a custom version -->
	  
      <structure:Code value="24" urn="urn:sdmx:org.sdmx.infomodel.codelist.Code=USG:CL_DISAGG[1.0].24">
        <structure:Description xml:lang="en">Value Type</structure:Description>
      </structure:Code>
      <structure:Code value="25" urn="urn:sdmx:org.sdmx.infomodel.codelist.Code=USG:CL_DISAGG[1.0].25">
        <structure:Description xml:lang="en">Value Contribution</structure:Description>
      </structure:Code>	  	  
    </structure:CodeList>
  </CodeLists>
</Structure>

