﻿<?xml version="1.0" encoding="UTF-8"?>
<Structure xmlns="http://www.SDMX.org/resources/SDMXML/schemas/v2_0/message" xmlns:structure="http://www.SDMX.org/resources/SDMXML/schemas/v2_0/structure" xmlns:xsi="http://www.w3.org/2001/XMLSchema-instance" xsi:schemaLocation="http://www.SDMX.org/resources/SDMXML/schemas/v2_0/message SDMXMessage.xsd">
  <Header>
    <ID>SDMX-HD-DSD</ID>
    <Test>false</Test>
    <Truncated>false</Truncated>
    <Name xml:lang="en">SDMX Health Domain</Name>
    <Prepared>2009-03-20</Prepared>
    <Sender id="SDMX-HD">
      <Name>SDMX-HD Health Domain</Name>
      <Contact>
        <Name xml:lang="en">Patrick Whitaker</Name>
        <Department>Health Care Informatics</Department>
        <Telephone>+41.22.791.1372</Telephone>
        <Email>whitakerp@who.int</Email>
      </Contact>
    </Sender>
    <Extracted>2009-03-20T13:03:46</Extracted>
  </Header>
  <CodeLists>
    <structure:CodeList id="CL_FMECH" agencyID="USG" version="1.0" isFinal="true" urn="urn:sdmx:org.sdmx.infomodel.codelist=USG:CL_FMECH">
      <structure:Name xml:lang="en">Funding Mechanism</structure:Name>
      <structure:Description xml:lang="en">USG funding mechanism.</structure:Description>
      <structure:Code value="1" urn="urn:sdmx:org.sdmx.infomodel.codelist.Code=USG:CL_FMECH[1.0].1" >
        <structure:Description xml:lang="en">Central - DoD - N/A</structure:Description>
      </structure:Code>
      <structure:Code value="2" urn="urn:sdmx:org.sdmx.infomodel.codelist.Code=USG:CL_FMECH[1.0].2" >
        <structure:Description xml:lang="en">Central - DoL - N/A</structure:Description>
      </structure:Code>
      <structure:Code value="3" urn="urn:sdmx:org.sdmx.infomodel.codelist.Code=USG:CL_FMECH[1.0].3" >
        <structure:Description xml:lang="en">Central - HHS/NIH - N/A</structure:Description>
      </structure:Code>
      <structure:Code value="4" urn="urn:sdmx:org.sdmx.infomodel.codelist.Code=USG:CL_FMECH[1.0].4" >
        <structure:Description xml:lang="en">Central - HHS/OS - N/A</structure:Description>
      </structure:Code>
      <structure:Code value="5" urn="urn:sdmx:org.sdmx.infomodel.codelist.Code=USG:CL_FMECH[1.0].5" >
        <structure:Description xml:lang="en">Central - Peace Corps - N/A</structure:Description>
      </structure:Code>
      <structure:Code value="6" urn="urn:sdmx:org.sdmx.infomodel.codelist.Code=USG:CL_FMECH[1.0].6" >
        <structure:Description xml:lang="en">HQ - DoD - N/A</structure:Description>
      </structure:Code>
      <structure:Code value="7" urn="urn:sdmx:org.sdmx.infomodel.codelist.Code=USG:CL_FMECH[1.0].7" >
        <structure:Description xml:lang="en">HQ - DoL - GAC</structure:Description>
      </structure:Code>
      <structure:Code value="8" urn="urn:sdmx:org.sdmx.infomodel.codelist.Code=USG:CL_FMECH[1.0].8" >
        <structure:Description xml:lang="en">HQ - DoL - N/A</structure:Description>
      </structure:Code>
      <structure:Code value="9" urn="urn:sdmx:org.sdmx.infomodel.codelist.Code=USG:CL_FMECH[1.0].9" >
        <structure:Description xml:lang="en">HQ - HHS/HRSA - N/A</structure:Description>
      </structure:Code>
      <structure:Code value="10" urn="urn:sdmx:org.sdmx.infomodel.codelist.Code=USG:CL_FMECH[1.0].10" >
        <structure:Description xml:lang="en">HQ - HHS/NIH - GAC</structure:Description>
      </structure:Code>
      <structure:Code value="11" urn="urn:sdmx:org.sdmx.infomodel.codelist.Code=USG:CL_FMECH[1.0].11" >
        <structure:Description xml:lang="en">HQ - HHS/NIH - N/A</structure:Description>
      </structure:Code>
      <structure:Code value="12" urn="urn:sdmx:org.sdmx.infomodel.codelist.Code=USG:CL_FMECH[1.0].12" >
        <structure:Description xml:lang="en">HQ - HHS/OS - GAC</structure:Description>
      </structure:Code>
      <structure:Code value="13" urn="urn:sdmx:org.sdmx.infomodel.codelist.Code=USG:CL_FMECH[1.0].13" >
        <structure:Description xml:lang="en">HQ - HHS/OS - N/A</structure:Description>
      </structure:Code>
      <structure:Code value="14" urn="urn:sdmx:org.sdmx.infomodel.codelist.Code=USG:CL_FMECH[1.0].14" >
        <structure:Description xml:lang="en">HQ - State - N/A</structure:Description>
      </structure:Code>
      <structure:Code value="15" urn="urn:sdmx:org.sdmx.infomodel.codelist.Code=USG:CL_FMECH[1.0].15" >
        <structure:Description xml:lang="en">Local - DoD - GAC</structure:Description>
      </structure:Code>
      <structure:Code value="16" urn="urn:sdmx:org.sdmx.infomodel.codelist.Code=USG:CL_FMECH[1.0].16" >
        <structure:Description xml:lang="en">Local - DoD - N/A</structure:Description>
      </structure:Code>
      <structure:Code value="17" urn="urn:sdmx:org.sdmx.infomodel.codelist.Code=USG:CL_FMECH[1.0].17" >
        <structure:Description xml:lang="en">Local - DoL - GAC</structure:Description>
      </structure:Code>
      <structure:Code value="18" urn="urn:sdmx:org.sdmx.infomodel.codelist.Code=USG:CL_FMECH[1.0].18" >
        <structure:Description xml:lang="en">Local - DoL - N/A</structure:Description>
      </structure:Code>
      <structure:Code value="19" urn="urn:sdmx:org.sdmx.infomodel.codelist.Code=USG:CL_FMECH[1.0].19" >
        <structure:Description xml:lang="en">Local - HHS/HRSA - N/A</structure:Description>
      </structure:Code>
      <structure:Code value="20" urn="urn:sdmx:org.sdmx.infomodel.codelist.Code=USG:CL_FMECH[1.0].20" >
        <structure:Description xml:lang="en">Local - HHS/NIH - GAC</structure:Description>
      </structure:Code>
      <structure:Code value="21" urn="urn:sdmx:org.sdmx.infomodel.codelist.Code=USG:CL_FMECH[1.0].21" >
        <structure:Description xml:lang="en">Local - HHS/NIH - N/A</structure:Description>
      </structure:Code>
      <structure:Code value="22" urn="urn:sdmx:org.sdmx.infomodel.codelist.Code=USG:CL_FMECH[1.0].22" >
        <structure:Description xml:lang="en">Local - HHS/OS - GAC</structure:Description>
      </structure:Code>
      <structure:Code value="23" urn="urn:sdmx:org.sdmx.infomodel.codelist.Code=USG:CL_FMECH[1.0].23" >
        <structure:Description xml:lang="en">Local - HHS/OS - N/A</structure:Description>
      </structure:Code>
      <structure:Code value="24" urn="urn:sdmx:org.sdmx.infomodel.codelist.Code=USG:CL_FMECH[1.0].24" >
        <structure:Description xml:lang="en">Local - Peace Corps - GAC</structure:Description>
      </structure:Code>
      <structure:Code value="25" urn="urn:sdmx:org.sdmx.infomodel.codelist.Code=USG:CL_FMECH[1.0].25" >
        <structure:Description xml:lang="en">Local - Peace Corps - N/A</structure:Description>
      </structure:Code>
      <structure:Code value="26" urn="urn:sdmx:org.sdmx.infomodel.codelist.Code=USG:CL_FMECH[1.0].26" >
        <structure:Description xml:lang="en">Local - State - GAC</structure:Description>
      </structure:Code>
      <structure:Code value="27" urn="urn:sdmx:org.sdmx.infomodel.codelist.Code=USG:CL_FMECH[1.0].27" >
        <structure:Description xml:lang="en">Local - State - N/A</structure:Description>
      </structure:Code>
      <structure:Code value="28" urn="urn:sdmx:org.sdmx.infomodel.codelist.Code=USG:CL_FMECH[1.0].28" >
        <structure:Description xml:lang="en">Local - USAID - GAC</structure:Description>
      </structure:Code>
      <structure:Code value="29" urn="urn:sdmx:org.sdmx.infomodel.codelist.Code=USG:CL_FMECH[1.0].29" >
        <structure:Description xml:lang="en">Local - USAID - N/A</structure:Description>
      </structure:Code>
      <structure:Code value="_NA_" urn="urn:sdmx:org.sdmx.infomodel.codelist.Code=USG:CL_FMECH[1.0]._NA_" >
        <structure:Description xml:lang="en">Not Applicable</structure:Description>
      </structure:Code>
      <structure:Code value="ALL" urn="urn:sdmx:org.sdmx.infomodel.codelist.Code=USG:CL_FMECH[1.0].ALL" >
        <structure:Description xml:lang="en">All</structure:Description>
      </structure:Code>
      <structure:Code value="_UNK_" urn="urn:sdmx:org.sdmx.infomodel.codelist.Code=USG:CL_FMECH[1.0]._UNK_" >
        <structure:Description xml:lang="en">Unknown</structure:Description>
      </structure:Code>
    </structure:CodeList>
  </CodeLists>
</Structure>

