﻿<?xml version="1.0" encoding="UTF-8"?>
<Structure xmlns="http://www.SDMX.org/resources/SDMXML/schemas/v2_0/message" xmlns:structure="http://www.SDMX.org/resources/SDMXML/schemas/v2_0/structure" xmlns:xsi="http://www.w3.org/2001/XMLSchema-instance" xsi:schemaLocation="http://www.SDMX.org/resources/SDMXML/schemas/v2_0/message SDMXMessage.xsd">
  <Header>
    <ID>SDMX-HD-DSD</ID>
    <Test>false</Test>
    <Truncated>false</Truncated>
    <Name xml:lang="en">SDMX Health Domain</Name>
    <Prepared>2009-03-20</Prepared>
    <Sender id="SDMX-HD">
      <Name>SDMX-HD Health Domain</Name>
      <Contact>
        <Name xml:lang="en">Patrick Whitaker</Name>
        <Department>Health Care Informatics</Department>
        <Telephone>+41.22.791.1372</Telephone>
        <Email>whitakerp@who.int</Email>
      </Contact>
    </Sender>
    <Extracted>2009-03-20T13:03:46</Extracted>
  </Header>
  <CodeLists>
    <structure:CodeList id="CL_PCAT" agencyID="USG" version="1.0" isFinal="true" urn="urn:sdmx:org.sdmx.infomodel.codelist=USG:CL_PCAT" >
      <structure:Name xml:lang="en">Program Category</structure:Name>
      <structure:Code value="0" urn="urn:sdmx:org.sdmx.infomodel.codelist.Code=USG:CL_PCAT[1.0].0">
        <structure:Description xml:lang="en">Care</structure:Description>
      </structure:Code>
      <structure:Code value="1" urn="urn:sdmx:org.sdmx.infomodel.codelist.Code=USG:CL_PCAT[1.0].1">
        <structure:Description xml:lang="en">cross-cutting</structure:Description>
      </structure:Code>
      <structure:Code value="2" urn="urn:sdmx:org.sdmx.infomodel.codelist.Code=USG:CL_PCAT[1.0].2">
        <structure:Description xml:lang="en">Other</structure:Description>
      </structure:Code>
      <structure:Code value="3" urn="urn:sdmx:org.sdmx.infomodel.codelist.Code=USG:CL_PCAT[1.0].3">
        <structure:Description xml:lang="en">Treatment</structure:Description>
      </structure:Code>
      <structure:Code value="4" urn="urn:sdmx:org.sdmx.infomodel.codelist.Code=USG:CL_PCAT[1.0].4">
        <structure:Description xml:lang="en">Prevention</structure:Description>
      </structure:Code>
      <structure:Code value="_NA_"   urn="urn:sdmx:org.sdmx.infomodel.codelist.Code=USG:CL_PCAT[1.0]._NA_" >
        <structure:Description xml:lang="en">Not Applicable</structure:Description>
      </structure:Code>
      <structure:Code value="ALL"   urn="urn:sdmx:org.sdmx.infomodel.codelist.Code=USG:CL_PCAT[1.0].ALL" >
        <structure:Description xml:lang="en">All</structure:Description>
      </structure:Code>
      <structure:Code value="_UNK_"   urn="urn:sdmx:org.sdmx.infomodel.codelist.Code=USG:CL_PCAT[1.0]._UNK_" >
        <structure:Description xml:lang="en">Unknown</structure:Description>
      </structure:Code>	  
    </structure:CodeList>
  </CodeLists>
</Structure>

