<?xml version='1.0' encoding='UTF-8'?>
<?xml-stylesheet type="text/xsl" href="codelist.xsl"?>
<Structure xmlns:structure='http://www.SDMX.org/resources/SDMXML/schemas/v2_0/structure' xsi:schemaLocation='http://www.SDMX.org/resources/SDMXML/schemas/v2_0/message SDMXMessage.xsd' xmlns:xsi='http://www.w3.org/2001/XMLSchema-instance' xmlns='http://www.SDMX.org/resources/SDMXML/schemas/v2_0/message'>
	<Header>
		<ID>SDMX-HD-DSD</ID>
		<Test>false</Test>
		<Truncated>false</Truncated>
		<Name xml:lang='en'>SDMX Health Domain</Name>
		<Prepared>2009-03-20</Prepared>
		<Sender id='SDMX-HD'>
			<Name>SDMX-HD Health Domain</Name>
			<Contact>
				<Name xml:lang='en'>Patrick Whitaker</Name>
				<Department>Health Care Informatics</Department>
				<Telephone>+41.22.791.1372</Telephone>
				<Email>whitakerp@who.int</Email>
			</Contact>
		</Sender>
		<Extracted>2009-03-20T13:03:46</Extracted>
	</Header>
	<CodeLists>
		<structure:CodeList agencyID='SDMX-HD' isFinal='true' id='CL_BOUNDS' version='1.0' urn='urn:sdmx:org.sdmx.infomodel.codelist.CodeList=SDMX-HD:CL_BOUNDS[1.0]' xmlns=''><structure:Name xml:lang='en'>Point Bounds</structure:Name><structure:Description xml:lang='en'>Upper and lower boundaries for a point.</structure:Description><structure:Code value='1' urn='urn:sdmx:org.sdmx.infomodel.codelist.Code=SDMX-HD:CL_BOUNDS[1.0].1'><structure:Description xml:lang='en'>Lower</structure:Description></structure:Code><structure:Code value='2' urn='urn:sdmx:org.sdmx.infomodel.codelist.Code=SDMX-HD:CL_BOUNDS[1.0].2'><structure:Description xml:lang='en'>Point</structure:Description></structure:Code><structure:Code value='3' urn='urn:sdmx:org.sdmx.infomodel.codelist.Code=SDMX-HD:CL_BOUNDS[1.0].3'><structure:Description xml:lang='en'>Upper</structure:Description></structure:Code></structure:CodeList></CodeLists>
</Structure>
