<?xml version='1.0'?>
<?xml-stylesheet type="text/xsl" href="codelist.xsl"?>
<Structure xmlns:structure='http://www.SDMX.org/resources/SDMXML/schemas/v2_0/structure' xsi:schemaLocation='http://www.SDMX.org/resources/SDMXML/schemas/v2_0/message SDMXMessage.xsd' xmlns:xsi='http://www.w3.org/2001/XMLSchema-instance' xmlns='http://www.SDMX.org/resources/SDMXML/schemas/v2_0/message'>
	<Header>
		<ID>SDMX-HD-DSD</ID>
		<Test>false</Test>
		<Truncated>false</Truncated>
		<Name xml:lang='en'>SDMX Health Domain</Name>
		<Prepared>2009-03-20</Prepared>
		<Sender id='SDMX-HD'>
			<Name>SDMX-HD Health Domain</Name>
			<Contact>
				<Name xml:lang='en'>Patrick Whitaker</Name>
				<Department>Health Care Informatics</Department>
				<Telephone>+41.22.791.1372</Telephone>
				<Email>whitakerp@who.int</Email>
			</Contact>
		</Sender>
		<Extracted>2009-03-20T13:03:46</Extracted>
	</Header>
	<CodeLists>
		<structure:CodeList agencyID='SDMX-HD' isFinal='true' id='CL_CURRENCY' version='1.0' urn='urn:sdmx:org.sdmx.infomodel.codelist.CodeList=SDMX-HD:CL_CURRENCY[1.0]'><structure:Name xml:lang='en'>Currency</structure:Name><structure:Description xml:lang='en'>Currency list based ISO 4217 Currency Char 3 Code</structure:Description><structure:Code value='AFN' urn='urn:sdmx:org.sdmx.infomodel.codelist.Code=SDMX-HD:CL_CURRENCY[1.0].AFN'><structure:Description xml:lang='en'>Afghani</structure:Description></structure:Code><structure:Code value='DZD' urn='urn:sdmx:org.sdmx.infomodel.codelist.Code=SDMX-HD:CL_CURRENCY[1.0].DZD'><structure:Description xml:lang='en'>Algerian Dinar</structure:Description></structure:Code><structure:Code value='ARS' urn='urn:sdmx:org.sdmx.infomodel.codelist.Code=SDMX-HD:CL_CURRENCY[1.0].ARS'><structure:Description xml:lang='en'>Argentine Peso</structure:Description></structure:Code><structure:Code value='AMD' urn='urn:sdmx:org.sdmx.infomodel.codelist.Code=SDMX-HD:CL_CURRENCY[1.0].AMD'><structure:Description xml:lang='en'>Armenian Dram</structure:Description></structure:Code><structure:Code value='AWG' urn='urn:sdmx:org.sdmx.infomodel.codelist.Code=SDMX-HD:CL_CURRENCY[1.0].AWG'><structure:Description xml:lang='en'>Aruban Guilder</structure:Description></structure:Code><structure:Code value='AUD' urn='urn:sdmx:org.sdmx.infomodel.codelist.Code=SDMX-HD:CL_CURRENCY[1.0].AUD'><structure:Description xml:lang='en'>Australian Dollar</structure:Description></structure:Code><structure:Code value='AZN' urn='urn:sdmx:org.sdmx.infomodel.codelist.Code=SDMX-HD:CL_CURRENCY[1.0].AZN'><structure:Description xml:lang='en'>Azerbaijanian Manat</structure:Description></structure:Code><structure:Code value='BSD' urn='urn:sdmx:org.sdmx.infomodel.codelist.Code=SDMX-HD:CL_CURRENCY[1.0].BSD'><structure:Description xml:lang='en'>Bahamian Dollar</structure:Description></structure:Code><structure:Code value='BHD' urn='urn:sdmx:org.sdmx.infomodel.codelist.Code=SDMX-HD:CL_CURRENCY[1.0].BHD'><structure:Description xml:lang='en'>Bahraini Dinar</structure:Description></structure:Code><structure:Code value='THB' urn='urn:sdmx:org.sdmx.infomodel.codelist.Code=SDMX-HD:CL_CURRENCY[1.0].THB'><structure:Description xml:lang='en'>Baht</structure:Description></structure:Code><structure:Code value='PAB' urn='urn:sdmx:org.sdmx.infomodel.codelist.Code=SDMX-HD:CL_CURRENCY[1.0].PAB'><structure:Description xml:lang='en'>Balboa</structure:Description></structure:Code><structure:Code value='BBD' urn='urn:sdmx:org.sdmx.infomodel.codelist.Code=SDMX-HD:CL_CURRENCY[1.0].BBD'><structure:Description xml:lang='en'>Barbados Dollar</structure:Description></structure:Code><structure:Code value='BYR' urn='urn:sdmx:org.sdmx.infomodel.codelist.Code=SDMX-HD:CL_CURRENCY[1.0].BYR'><structure:Description xml:lang='en'>Belarussian Ruble</structure:Description></structure:Code><structure:Code value='BZD' urn='urn:sdmx:org.sdmx.infomodel.codelist.Code=SDMX-HD:CL_CURRENCY[1.0].BZD'><structure:Description xml:lang='en'>Belize Dollar</structure:Description></structure:Code><structure:Code value='BMD' urn='urn:sdmx:org.sdmx.infomodel.codelist.Code=SDMX-HD:CL_CURRENCY[1.0].BMD'><structure:Description xml:lang='en'>Bermudian Dollar</structure:Description></structure:Code><structure:Code value='VEF' urn='urn:sdmx:org.sdmx.infomodel.codelist.Code=SDMX-HD:CL_CURRENCY[1.0].VEF'><structure:Description xml:lang='en'>Bolivar Fuerte</structure:Description></structure:Code><structure:Code value='BOB' urn='urn:sdmx:org.sdmx.infomodel.codelist.Code=SDMX-HD:CL_CURRENCY[1.0].BOB'><structure:Description xml:lang='en'>Boliviano</structure:Description></structure:Code><structure:Code value='XBA' urn='urn:sdmx:org.sdmx.infomodel.codelist.Code=SDMX-HD:CL_CURRENCY[1.0].XBA'><structure:Description xml:lang='en'>Bond Markets Units European Composite Unit (EURCO)</structure:Description></structure:Code><structure:Code value='BRL' urn='urn:sdmx:org.sdmx.infomodel.codelist.Code=SDMX-HD:CL_CURRENCY[1.0].BRL'><structure:Description xml:lang='en'>Brazilian Real</structure:Description></structure:Code><structure:Code value='BND' urn='urn:sdmx:org.sdmx.infomodel.codelist.Code=SDMX-HD:CL_CURRENCY[1.0].BND'><structure:Description xml:lang='en'>Brunei Dollar</structure:Description></structure:Code><structure:Code value='BGN' urn='urn:sdmx:org.sdmx.infomodel.codelist.Code=SDMX-HD:CL_CURRENCY[1.0].BGN'><structure:Description xml:lang='en'>Bulgarian Lev</structure:Description></structure:Code><structure:Code value='BIF' urn='urn:sdmx:org.sdmx.infomodel.codelist.Code=SDMX-HD:CL_CURRENCY[1.0].BIF'><structure:Description xml:lang='en'>Burundi Franc</structure:Description></structure:Code><structure:Code value='CAD' urn='urn:sdmx:org.sdmx.infomodel.codelist.Code=SDMX-HD:CL_CURRENCY[1.0].CAD'><structure:Description xml:lang='en'>Canadian Dollar</structure:Description></structure:Code><structure:Code value='CVE' urn='urn:sdmx:org.sdmx.infomodel.codelist.Code=SDMX-HD:CL_CURRENCY[1.0].CVE'><structure:Description xml:lang='en'>Cape Verde Escudo</structure:Description></structure:Code><structure:Code value='KYD' urn='urn:sdmx:org.sdmx.infomodel.codelist.Code=SDMX-HD:CL_CURRENCY[1.0].KYD'><structure:Description xml:lang='en'>Cayman Islands Dollar</structure:Description></structure:Code><structure:Code value='GHS' urn='urn:sdmx:org.sdmx.infomodel.codelist.Code=SDMX-HD:CL_CURRENCY[1.0].GHS'><structure:Description xml:lang='en'>Cedi</structure:Description></structure:Code><structure:Code value='XOF' urn='urn:sdmx:org.sdmx.infomodel.codelist.Code=SDMX-HD:CL_CURRENCY[1.0].XOF'><structure:Description xml:lang='en'>CFA Franc BCEAO</structure:Description></structure:Code><structure:Code value='XAF' urn='urn:sdmx:org.sdmx.infomodel.codelist.Code=SDMX-HD:CL_CURRENCY[1.0].XAF'><structure:Description xml:lang='en'>CFA Franc BEAC</structure:Description></structure:Code><structure:Code value='XPF' urn='urn:sdmx:org.sdmx.infomodel.codelist.Code=SDMX-HD:CL_CURRENCY[1.0].XPF'><structure:Description xml:lang='en'>CFP Franc</structure:Description></structure:Code><structure:Code value='CLP' urn='urn:sdmx:org.sdmx.infomodel.codelist.Code=SDMX-HD:CL_CURRENCY[1.0].CLP'><structure:Description xml:lang='en'>Chilean Peso</structure:Description></structure:Code><structure:Code value='XTS' urn='urn:sdmx:org.sdmx.infomodel.codelist.Code=SDMX-HD:CL_CURRENCY[1.0].XTS'><structure:Description xml:lang='en'>Codes specifically reserved for testing purposes</structure:Description></structure:Code><structure:Code value='COP' urn='urn:sdmx:org.sdmx.infomodel.codelist.Code=SDMX-HD:CL_CURRENCY[1.0].COP'><structure:Description xml:lang='en'>Colombian Peso</structure:Description></structure:Code><structure:Code value='KMF' urn='urn:sdmx:org.sdmx.infomodel.codelist.Code=SDMX-HD:CL_CURRENCY[1.0].KMF'><structure:Description xml:lang='en'>Comoro Franc</structure:Description></structure:Code><structure:Code value='BAM' urn='urn:sdmx:org.sdmx.infomodel.codelist.Code=SDMX-HD:CL_CURRENCY[1.0].BAM'><structure:Description xml:lang='en'>Convertible Marks</structure:Description></structure:Code><structure:Code value='NIO' urn='urn:sdmx:org.sdmx.infomodel.codelist.Code=SDMX-HD:CL_CURRENCY[1.0].NIO'><structure:Description xml:lang='en'>Cordoba Oro</structure:Description></structure:Code><structure:Code value='CRC' urn='urn:sdmx:org.sdmx.infomodel.codelist.Code=SDMX-HD:CL_CURRENCY[1.0].CRC'><structure:Description xml:lang='en'>Costa Rican Colon</structure:Description></structure:Code><structure:Code value='HRK' urn='urn:sdmx:org.sdmx.infomodel.codelist.Code=SDMX-HD:CL_CURRENCY[1.0].HRK'><structure:Description xml:lang='en'>Croatian Kuna</structure:Description></structure:Code><structure:Code value='CUP' urn='urn:sdmx:org.sdmx.infomodel.codelist.Code=SDMX-HD:CL_CURRENCY[1.0].CUP'><structure:Description xml:lang='en'>Cuban Peso</structure:Description></structure:Code><structure:Code value='CZK' urn='urn:sdmx:org.sdmx.infomodel.codelist.Code=SDMX-HD:CL_CURRENCY[1.0].CZK'><structure:Description xml:lang='en'>Czech Koruna</structure:Description></structure:Code><structure:Code value='GMD' urn='urn:sdmx:org.sdmx.infomodel.codelist.Code=SDMX-HD:CL_CURRENCY[1.0].GMD'><structure:Description xml:lang='en'>Dalasi</structure:Description></structure:Code><structure:Code value='DKK' urn='urn:sdmx:org.sdmx.infomodel.codelist.Code=SDMX-HD:CL_CURRENCY[1.0].DKK'><structure:Description xml:lang='en'>Danish Krone</structure:Description></structure:Code><structure:Code value='MKD' urn='urn:sdmx:org.sdmx.infomodel.codelist.Code=SDMX-HD:CL_CURRENCY[1.0].MKD'><structure:Description xml:lang='en'>Denar</structure:Description></structure:Code><structure:Code value='DJF' urn='urn:sdmx:org.sdmx.infomodel.codelist.Code=SDMX-HD:CL_CURRENCY[1.0].DJF'><structure:Description xml:lang='en'>Djibouti Franc</structure:Description></structure:Code><structure:Code value='STD' urn='urn:sdmx:org.sdmx.infomodel.codelist.Code=SDMX-HD:CL_CURRENCY[1.0].STD'><structure:Description xml:lang='en'>Dobra</structure:Description></structure:Code><structure:Code value='DOP' urn='urn:sdmx:org.sdmx.infomodel.codelist.Code=SDMX-HD:CL_CURRENCY[1.0].DOP'><structure:Description xml:lang='en'>Dominican Peso</structure:Description></structure:Code><structure:Code value='VND' urn='urn:sdmx:org.sdmx.infomodel.codelist.Code=SDMX-HD:CL_CURRENCY[1.0].VND'><structure:Description xml:lang='en'>Dong</structure:Description></structure:Code><structure:Code value='XCD' urn='urn:sdmx:org.sdmx.infomodel.codelist.Code=SDMX-HD:CL_CURRENCY[1.0].XCD'><structure:Description xml:lang='en'>East Caribbean Dollar</structure:Description></structure:Code><structure:Code value='EGP' urn='urn:sdmx:org.sdmx.infomodel.codelist.Code=SDMX-HD:CL_CURRENCY[1.0].EGP'><structure:Description xml:lang='en'>Egyptian Pound</structure:Description></structure:Code><structure:Code value='SVC' urn='urn:sdmx:org.sdmx.infomodel.codelist.Code=SDMX-HD:CL_CURRENCY[1.0].SVC'><structure:Description xml:lang='en'>El Salvador Colon</structure:Description></structure:Code><structure:Code value='ETB' urn='urn:sdmx:org.sdmx.infomodel.codelist.Code=SDMX-HD:CL_CURRENCY[1.0].ETB'><structure:Description xml:lang='en'>Ethiopian Birr</structure:Description></structure:Code><structure:Code value='EUR' urn='urn:sdmx:org.sdmx.infomodel.codelist.Code=SDMX-HD:CL_CURRENCY[1.0].EUR'><structure:Description xml:lang='en'>Euro</structure:Description></structure:Code><structure:Code value='XBB' urn='urn:sdmx:org.sdmx.infomodel.codelist.Code=SDMX-HD:CL_CURRENCY[1.0].XBB'><structure:Description xml:lang='en'>European Monetary Unit (E.M.U.-6)</structure:Description></structure:Code><structure:Code value='XBD' urn='urn:sdmx:org.sdmx.infomodel.codelist.Code=SDMX-HD:CL_CURRENCY[1.0].XBD'><structure:Description xml:lang='en'>European Unit of Account 17 (E.U.A.-17)</structure:Description></structure:Code><structure:Code value='XBC' urn='urn:sdmx:org.sdmx.infomodel.codelist.Code=SDMX-HD:CL_CURRENCY[1.0].XBC'><structure:Description xml:lang='en'>European Unit of Account 9 (E.U.A.-9)</structure:Description></structure:Code><structure:Code value='FKP' urn='urn:sdmx:org.sdmx.infomodel.codelist.Code=SDMX-HD:CL_CURRENCY[1.0].FKP'><structure:Description xml:lang='en'>Falkland Island Pound</structure:Description></structure:Code><structure:Code value='FJD' urn='urn:sdmx:org.sdmx.infomodel.codelist.Code=SDMX-HD:CL_CURRENCY[1.0].FJD'><structure:Description xml:lang='en'>Fiji Dollar</structure:Description></structure:Code><structure:Code value='HUF' urn='urn:sdmx:org.sdmx.infomodel.codelist.Code=SDMX-HD:CL_CURRENCY[1.0].HUF'><structure:Description xml:lang='en'>Forint</structure:Description></structure:Code><structure:Code value='CDF' urn='urn:sdmx:org.sdmx.infomodel.codelist.Code=SDMX-HD:CL_CURRENCY[1.0].CDF'><structure:Description xml:lang='en'>Franc Congolais</structure:Description></structure:Code><structure:Code value='GIP' urn='urn:sdmx:org.sdmx.infomodel.codelist.Code=SDMX-HD:CL_CURRENCY[1.0].GIP'><structure:Description xml:lang='en'>Gibraltar Pound</structure:Description></structure:Code><structure:Code value='XAU' urn='urn:sdmx:org.sdmx.infomodel.codelist.Code=SDMX-HD:CL_CURRENCY[1.0].XAU'><structure:Description xml:lang='en'>Gold</structure:Description></structure:Code><structure:Code value='HTG' urn='urn:sdmx:org.sdmx.infomodel.codelist.Code=SDMX-HD:CL_CURRENCY[1.0].HTG'><structure:Description xml:lang='en'>Gourde</structure:Description></structure:Code><structure:Code value='PYG' urn='urn:sdmx:org.sdmx.infomodel.codelist.Code=SDMX-HD:CL_CURRENCY[1.0].PYG'><structure:Description xml:lang='en'>Guarani</structure:Description></structure:Code><structure:Code value='GNF' urn='urn:sdmx:org.sdmx.infomodel.codelist.Code=SDMX-HD:CL_CURRENCY[1.0].GNF'><structure:Description xml:lang='en'>Guinea Franc</structure:Description></structure:Code><structure:Code value='GWP' urn='urn:sdmx:org.sdmx.infomodel.codelist.Code=SDMX-HD:CL_CURRENCY[1.0].GWP'><structure:Description xml:lang='en'>Guinea-Bissau Peso</structure:Description></structure:Code><structure:Code value='GYD' urn='urn:sdmx:org.sdmx.infomodel.codelist.Code=SDMX-HD:CL_CURRENCY[1.0].GYD'><structure:Description xml:lang='en'>Guyana Dollar</structure:Description></structure:Code><structure:Code value='HKD' urn='urn:sdmx:org.sdmx.infomodel.codelist.Code=SDMX-HD:CL_CURRENCY[1.0].HKD'><structure:Description xml:lang='en'>Hong Kong Dollar</structure:Description></structure:Code><structure:Code value='UAH' urn='urn:sdmx:org.sdmx.infomodel.codelist.Code=SDMX-HD:CL_CURRENCY[1.0].UAH'><structure:Description xml:lang='en'>Hryvnia</structure:Description></structure:Code><structure:Code value='ISK' urn='urn:sdmx:org.sdmx.infomodel.codelist.Code=SDMX-HD:CL_CURRENCY[1.0].ISK'><structure:Description xml:lang='en'>Iceland Krona</structure:Description></structure:Code><structure:Code value='INR' urn='urn:sdmx:org.sdmx.infomodel.codelist.Code=SDMX-HD:CL_CURRENCY[1.0].INR'><structure:Description xml:lang='en'>Indian Rupee</structure:Description></structure:Code><structure:Code value='IRR' urn='urn:sdmx:org.sdmx.infomodel.codelist.Code=SDMX-HD:CL_CURRENCY[1.0].IRR'><structure:Description xml:lang='en'>Iranian Rial</structure:Description></structure:Code><structure:Code value='IQD' urn='urn:sdmx:org.sdmx.infomodel.codelist.Code=SDMX-HD:CL_CURRENCY[1.0].IQD'><structure:Description xml:lang='en'>Iraqi Dinar</structure:Description></structure:Code><structure:Code value='JMD' urn='urn:sdmx:org.sdmx.infomodel.codelist.Code=SDMX-HD:CL_CURRENCY[1.0].JMD'><structure:Description xml:lang='en'>Jamaican Dollar</structure:Description></structure:Code><structure:Code value='JOD' urn='urn:sdmx:org.sdmx.infomodel.codelist.Code=SDMX-HD:CL_CURRENCY[1.0].JOD'><structure:Description xml:lang='en'>Jordanian Dinar</structure:Description></structure:Code><structure:Code value='KES' urn='urn:sdmx:org.sdmx.infomodel.codelist.Code=SDMX-HD:CL_CURRENCY[1.0].KES'><structure:Description xml:lang='en'>Kenyan Shilling</structure:Description></structure:Code><structure:Code value='PGK' urn='urn:sdmx:org.sdmx.infomodel.codelist.Code=SDMX-HD:CL_CURRENCY[1.0].PGK'><structure:Description xml:lang='en'>Kina</structure:Description></structure:Code><structure:Code value='LAK' urn='urn:sdmx:org.sdmx.infomodel.codelist.Code=SDMX-HD:CL_CURRENCY[1.0].LAK'><structure:Description xml:lang='en'>Kip</structure:Description></structure:Code><structure:Code value='EEK' urn='urn:sdmx:org.sdmx.infomodel.codelist.Code=SDMX-HD:CL_CURRENCY[1.0].EEK'><structure:Description xml:lang='en'>Kroon</structure:Description></structure:Code><structure:Code value='KWD' urn='urn:sdmx:org.sdmx.infomodel.codelist.Code=SDMX-HD:CL_CURRENCY[1.0].KWD'><structure:Description xml:lang='en'>Kuwaiti Dinar</structure:Description></structure:Code><structure:Code value='MWK' urn='urn:sdmx:org.sdmx.infomodel.codelist.Code=SDMX-HD:CL_CURRENCY[1.0].MWK'><structure:Description xml:lang='en'>Kwacha</structure:Description></structure:Code><structure:Code value='AOA' urn='urn:sdmx:org.sdmx.infomodel.codelist.Code=SDMX-HD:CL_CURRENCY[1.0].AOA'><structure:Description xml:lang='en'>Kwanza</structure:Description></structure:Code><structure:Code value='MMK' urn='urn:sdmx:org.sdmx.infomodel.codelist.Code=SDMX-HD:CL_CURRENCY[1.0].MMK'><structure:Description xml:lang='en'>Kyat</structure:Description></structure:Code><structure:Code value='GEL' urn='urn:sdmx:org.sdmx.infomodel.codelist.Code=SDMX-HD:CL_CURRENCY[1.0].GEL'><structure:Description xml:lang='en'>Lari</structure:Description></structure:Code><structure:Code value='LVL' urn='urn:sdmx:org.sdmx.infomodel.codelist.Code=SDMX-HD:CL_CURRENCY[1.0].LVL'><structure:Description xml:lang='en'>Latvian Lats</structure:Description></structure:Code><structure:Code value='LBP' urn='urn:sdmx:org.sdmx.infomodel.codelist.Code=SDMX-HD:CL_CURRENCY[1.0].LBP'><structure:Description xml:lang='en'>Lebanese Pound</structure:Description></structure:Code><structure:Code value='ALL' urn='urn:sdmx:org.sdmx.infomodel.codelist.Code=SDMX-HD:CL_CURRENCY[1.0].ALL'><structure:Description xml:lang='en'>Lek</structure:Description></structure:Code><structure:Code value='HNL' urn='urn:sdmx:org.sdmx.infomodel.codelist.Code=SDMX-HD:CL_CURRENCY[1.0].HNL'><structure:Description xml:lang='en'>Lempira</structure:Description></structure:Code><structure:Code value='SLL' urn='urn:sdmx:org.sdmx.infomodel.codelist.Code=SDMX-HD:CL_CURRENCY[1.0].SLL'><structure:Description xml:lang='en'>Leone</structure:Description></structure:Code><structure:Code value='LRD' urn='urn:sdmx:org.sdmx.infomodel.codelist.Code=SDMX-HD:CL_CURRENCY[1.0].LRD'><structure:Description xml:lang='en'>Liberian Dollar</structure:Description></structure:Code><structure:Code value='LYD' urn='urn:sdmx:org.sdmx.infomodel.codelist.Code=SDMX-HD:CL_CURRENCY[1.0].LYD'><structure:Description xml:lang='en'>Libyan Dinar</structure:Description></structure:Code><structure:Code value='SZL' urn='urn:sdmx:org.sdmx.infomodel.codelist.Code=SDMX-HD:CL_CURRENCY[1.0].SZL'><structure:Description xml:lang='en'>Lilangeni</structure:Description></structure:Code><structure:Code value='LTL' urn='urn:sdmx:org.sdmx.infomodel.codelist.Code=SDMX-HD:CL_CURRENCY[1.0].LTL'><structure:Description xml:lang='en'>Lithuanian Litas</structure:Description></structure:Code><structure:Code value='LSL' urn='urn:sdmx:org.sdmx.infomodel.codelist.Code=SDMX-HD:CL_CURRENCY[1.0].LSL'><structure:Description xml:lang='en'>Loti</structure:Description></structure:Code><structure:Code value='MGA' urn='urn:sdmx:org.sdmx.infomodel.codelist.Code=SDMX-HD:CL_CURRENCY[1.0].MGA'><structure:Description xml:lang='en'>Malagasy Ariary</structure:Description></structure:Code><structure:Code value='MYR' urn='urn:sdmx:org.sdmx.infomodel.codelist.Code=SDMX-HD:CL_CURRENCY[1.0].MYR'><structure:Description xml:lang='en'>Malaysian Ringgit</structure:Description></structure:Code><structure:Code value='TMT' urn='urn:sdmx:org.sdmx.infomodel.codelist.Code=SDMX-HD:CL_CURRENCY[1.0].TMT'><structure:Description xml:lang='en'>Manat</structure:Description></structure:Code><structure:Code value='MUR' urn='urn:sdmx:org.sdmx.infomodel.codelist.Code=SDMX-HD:CL_CURRENCY[1.0].MUR'><structure:Description xml:lang='en'>Mauritius Rupee</structure:Description></structure:Code><structure:Code value='MZN' urn='urn:sdmx:org.sdmx.infomodel.codelist.Code=SDMX-HD:CL_CURRENCY[1.0].MZN'><structure:Description xml:lang='en'>Metical</structure:Description></structure:Code><structure:Code value='MXN' urn='urn:sdmx:org.sdmx.infomodel.codelist.Code=SDMX-HD:CL_CURRENCY[1.0].MXN'><structure:Description xml:lang='en'>Mexican Peso</structure:Description></structure:Code><structure:Code value='MXV' urn='urn:sdmx:org.sdmx.infomodel.codelist.Code=SDMX-HD:CL_CURRENCY[1.0].MXV'><structure:Description xml:lang='en'>Mexican Unidad de Inversion (UDI)</structure:Description></structure:Code><structure:Code value='MDL' urn='urn:sdmx:org.sdmx.infomodel.codelist.Code=SDMX-HD:CL_CURRENCY[1.0].MDL'><structure:Description xml:lang='en'>Moldovan Leu</structure:Description></structure:Code><structure:Code value='MAD' urn='urn:sdmx:org.sdmx.infomodel.codelist.Code=SDMX-HD:CL_CURRENCY[1.0].MAD'><structure:Description xml:lang='en'>Moroccan Dirham</structure:Description></structure:Code><structure:Code value='BOV' urn='urn:sdmx:org.sdmx.infomodel.codelist.Code=SDMX-HD:CL_CURRENCY[1.0].BOV'><structure:Description xml:lang='en'>Mvdol</structure:Description></structure:Code><structure:Code value='NGN' urn='urn:sdmx:org.sdmx.infomodel.codelist.Code=SDMX-HD:CL_CURRENCY[1.0].NGN'><structure:Description xml:lang='en'>Naira</structure:Description></structure:Code><structure:Code value='ERN' urn='urn:sdmx:org.sdmx.infomodel.codelist.Code=SDMX-HD:CL_CURRENCY[1.0].ERN'><structure:Description xml:lang='en'>Nakfa</structure:Description></structure:Code><structure:Code value='NAD' urn='urn:sdmx:org.sdmx.infomodel.codelist.Code=SDMX-HD:CL_CURRENCY[1.0].NAD'><structure:Description xml:lang='en'>Namibia Dollar</structure:Description></structure:Code><structure:Code value='NPR' urn='urn:sdmx:org.sdmx.infomodel.codelist.Code=SDMX-HD:CL_CURRENCY[1.0].NPR'><structure:Description xml:lang='en'>Nepalese Rupee</structure:Description></structure:Code><structure:Code value='ANG' urn='urn:sdmx:org.sdmx.infomodel.codelist.Code=SDMX-HD:CL_CURRENCY[1.0].ANG'><structure:Description xml:lang='en'>Netherlands Antillian Guilder</structure:Description></structure:Code><structure:Code value='ILS' urn='urn:sdmx:org.sdmx.infomodel.codelist.Code=SDMX-HD:CL_CURRENCY[1.0].ILS'><structure:Description xml:lang='en'>New Israeli Sheqel</structure:Description></structure:Code><structure:Code value='RON' urn='urn:sdmx:org.sdmx.infomodel.codelist.Code=SDMX-HD:CL_CURRENCY[1.0].RON'><structure:Description xml:lang='en'>New Leu</structure:Description></structure:Code><structure:Code value='TWD' urn='urn:sdmx:org.sdmx.infomodel.codelist.Code=SDMX-HD:CL_CURRENCY[1.0].TWD'><structure:Description xml:lang='en'>New Taiwan Dollar</structure:Description></structure:Code><structure:Code value='NZD' urn='urn:sdmx:org.sdmx.infomodel.codelist.Code=SDMX-HD:CL_CURRENCY[1.0].NZD'><structure:Description xml:lang='en'>New Zealand Dollar</structure:Description></structure:Code><structure:Code value='BTN' urn='urn:sdmx:org.sdmx.infomodel.codelist.Code=SDMX-HD:CL_CURRENCY[1.0].BTN'><structure:Description xml:lang='en'>Ngultrum</structure:Description></structure:Code><structure:Code value='KPW' urn='urn:sdmx:org.sdmx.infomodel.codelist.Code=SDMX-HD:CL_CURRENCY[1.0].KPW'><structure:Description xml:lang='en'>North Korean Won</structure:Description></structure:Code><structure:Code value='NOK' urn='urn:sdmx:org.sdmx.infomodel.codelist.Code=SDMX-HD:CL_CURRENCY[1.0].NOK'><structure:Description xml:lang='en'>Norwegian Krone</structure:Description></structure:Code><structure:Code value='PEN' urn='urn:sdmx:org.sdmx.infomodel.codelist.Code=SDMX-HD:CL_CURRENCY[1.0].PEN'><structure:Description xml:lang='en'>Nuevo Sol</structure:Description></structure:Code><structure:Code value='MRO' urn='urn:sdmx:org.sdmx.infomodel.codelist.Code=SDMX-HD:CL_CURRENCY[1.0].MRO'><structure:Description xml:lang='en'>Ouguiya</structure:Description></structure:Code><structure:Code value='TOP' urn='urn:sdmx:org.sdmx.infomodel.codelist.Code=SDMX-HD:CL_CURRENCY[1.0].TOP'><structure:Description xml:lang='en'>Pa'anga</structure:Description></structure:Code><structure:Code value='PKR' urn='urn:sdmx:org.sdmx.infomodel.codelist.Code=SDMX-HD:CL_CURRENCY[1.0].PKR'><structure:Description xml:lang='en'>Pakistan Rupee</structure:Description></structure:Code><structure:Code value='XPD' urn='urn:sdmx:org.sdmx.infomodel.codelist.Code=SDMX-HD:CL_CURRENCY[1.0].XPD'><structure:Description xml:lang='en'>Palladium</structure:Description></structure:Code><structure:Code value='MOP' urn='urn:sdmx:org.sdmx.infomodel.codelist.Code=SDMX-HD:CL_CURRENCY[1.0].MOP'><structure:Description xml:lang='en'>Pataca</structure:Description></structure:Code><structure:Code value='CUC' urn='urn:sdmx:org.sdmx.infomodel.codelist.Code=SDMX-HD:CL_CURRENCY[1.0].CUC'><structure:Description xml:lang='en'>Peso Convertible</structure:Description></structure:Code><structure:Code value='UYU' urn='urn:sdmx:org.sdmx.infomodel.codelist.Code=SDMX-HD:CL_CURRENCY[1.0].UYU'><structure:Description xml:lang='en'>Peso Uruguayo</structure:Description></structure:Code><structure:Code value='PHP' urn='urn:sdmx:org.sdmx.infomodel.codelist.Code=SDMX-HD:CL_CURRENCY[1.0].PHP'><structure:Description xml:lang='en'>Philippine Peso</structure:Description></structure:Code><structure:Code value='XPT' urn='urn:sdmx:org.sdmx.infomodel.codelist.Code=SDMX-HD:CL_CURRENCY[1.0].XPT'><structure:Description xml:lang='en'>Platinum</structure:Description></structure:Code><structure:Code value='GBP' urn='urn:sdmx:org.sdmx.infomodel.codelist.Code=SDMX-HD:CL_CURRENCY[1.0].GBP'><structure:Description xml:lang='en'>Pound Sterling</structure:Description></structure:Code><structure:Code value='BWP' urn='urn:sdmx:org.sdmx.infomodel.codelist.Code=SDMX-HD:CL_CURRENCY[1.0].BWP'><structure:Description xml:lang='en'>Pula</structure:Description></structure:Code><structure:Code value='QAR' urn='urn:sdmx:org.sdmx.infomodel.codelist.Code=SDMX-HD:CL_CURRENCY[1.0].QAR'><structure:Description xml:lang='en'>Qatari Rial</structure:Description></structure:Code><structure:Code value='GTQ' urn='urn:sdmx:org.sdmx.infomodel.codelist.Code=SDMX-HD:CL_CURRENCY[1.0].GTQ'><structure:Description xml:lang='en'>Quetzal</structure:Description></structure:Code><structure:Code value='ZAR' urn='urn:sdmx:org.sdmx.infomodel.codelist.Code=SDMX-HD:CL_CURRENCY[1.0].ZAR'><structure:Description xml:lang='en'>Rand</structure:Description></structure:Code><structure:Code value='OMR' urn='urn:sdmx:org.sdmx.infomodel.codelist.Code=SDMX-HD:CL_CURRENCY[1.0].OMR'><structure:Description xml:lang='en'>Rial Omani</structure:Description></structure:Code><structure:Code value='KHR' urn='urn:sdmx:org.sdmx.infomodel.codelist.Code=SDMX-HD:CL_CURRENCY[1.0].KHR'><structure:Description xml:lang='en'>Riel</structure:Description></structure:Code><structure:Code value='MVR' urn='urn:sdmx:org.sdmx.infomodel.codelist.Code=SDMX-HD:CL_CURRENCY[1.0].MVR'><structure:Description xml:lang='en'>Rufiyaa</structure:Description></structure:Code><structure:Code value='IDR' urn='urn:sdmx:org.sdmx.infomodel.codelist.Code=SDMX-HD:CL_CURRENCY[1.0].IDR'><structure:Description xml:lang='en'>Rupiah</structure:Description></structure:Code><structure:Code value='RUB' urn='urn:sdmx:org.sdmx.infomodel.codelist.Code=SDMX-HD:CL_CURRENCY[1.0].RUB'><structure:Description xml:lang='en'>Russian Ruble</structure:Description></structure:Code><structure:Code value='RWF' urn='urn:sdmx:org.sdmx.infomodel.codelist.Code=SDMX-HD:CL_CURRENCY[1.0].RWF'><structure:Description xml:lang='en'>Rwanda Franc</structure:Description></structure:Code><structure:Code value='SHP' urn='urn:sdmx:org.sdmx.infomodel.codelist.Code=SDMX-HD:CL_CURRENCY[1.0].SHP'><structure:Description xml:lang='en'>Saint Helena Pound</structure:Description></structure:Code><structure:Code value='SAR' urn='urn:sdmx:org.sdmx.infomodel.codelist.Code=SDMX-HD:CL_CURRENCY[1.0].SAR'><structure:Description xml:lang='en'>Saudi Riyal</structure:Description></structure:Code><structure:Code value='XDR' urn='urn:sdmx:org.sdmx.infomodel.codelist.Code=SDMX-HD:CL_CURRENCY[1.0].XDR'><structure:Description xml:lang='en'>SDR</structure:Description></structure:Code><structure:Code value='RSD' urn='urn:sdmx:org.sdmx.infomodel.codelist.Code=SDMX-HD:CL_CURRENCY[1.0].RSD'><structure:Description xml:lang='en'>Serbian Dinar</structure:Description></structure:Code><structure:Code value='SCR' urn='urn:sdmx:org.sdmx.infomodel.codelist.Code=SDMX-HD:CL_CURRENCY[1.0].SCR'><structure:Description xml:lang='en'>Seychelles Rupee</structure:Description></structure:Code><structure:Code value='XAG' urn='urn:sdmx:org.sdmx.infomodel.codelist.Code=SDMX-HD:CL_CURRENCY[1.0].XAG'><structure:Description xml:lang='en'>Silver</structure:Description></structure:Code><structure:Code value='SGD' urn='urn:sdmx:org.sdmx.infomodel.codelist.Code=SDMX-HD:CL_CURRENCY[1.0].SGD'><structure:Description xml:lang='en'>Singapore Dollar</structure:Description></structure:Code><structure:Code value='SBD' urn='urn:sdmx:org.sdmx.infomodel.codelist.Code=SDMX-HD:CL_CURRENCY[1.0].SBD'><structure:Description xml:lang='en'>Solomon Islands Dollar</structure:Description></structure:Code><structure:Code value='KGS' urn='urn:sdmx:org.sdmx.infomodel.codelist.Code=SDMX-HD:CL_CURRENCY[1.0].KGS'><structure:Description xml:lang='en'>Som</structure:Description></structure:Code><structure:Code value='SOS' urn='urn:sdmx:org.sdmx.infomodel.codelist.Code=SDMX-HD:CL_CURRENCY[1.0].SOS'><structure:Description xml:lang='en'>Somali Shilling</structure:Description></structure:Code><structure:Code value='TJS' urn='urn:sdmx:org.sdmx.infomodel.codelist.Code=SDMX-HD:CL_CURRENCY[1.0].TJS'><structure:Description xml:lang='en'>Somoni</structure:Description></structure:Code><structure:Code value='LKR' urn='urn:sdmx:org.sdmx.infomodel.codelist.Code=SDMX-HD:CL_CURRENCY[1.0].LKR'><structure:Description xml:lang='en'>Sri Lanka Rupee</structure:Description></structure:Code><structure:Code value='SDG' urn='urn:sdmx:org.sdmx.infomodel.codelist.Code=SDMX-HD:CL_CURRENCY[1.0].SDG'><structure:Description xml:lang='en'>Sudanese Pound</structure:Description></structure:Code><structure:Code value='SRD' urn='urn:sdmx:org.sdmx.infomodel.codelist.Code=SDMX-HD:CL_CURRENCY[1.0].SRD'><structure:Description xml:lang='en'>Surinam Dollar</structure:Description></structure:Code><structure:Code value='SEK' urn='urn:sdmx:org.sdmx.infomodel.codelist.Code=SDMX-HD:CL_CURRENCY[1.0].SEK'><structure:Description xml:lang='en'>Swedish Krona</structure:Description></structure:Code><structure:Code value='CHF' urn='urn:sdmx:org.sdmx.infomodel.codelist.Code=SDMX-HD:CL_CURRENCY[1.0].CHF'><structure:Description xml:lang='en'>Swiss Franc</structure:Description></structure:Code><structure:Code value='SYP' urn='urn:sdmx:org.sdmx.infomodel.codelist.Code=SDMX-HD:CL_CURRENCY[1.0].SYP'><structure:Description xml:lang='en'>Syrian Pound</structure:Description></structure:Code><structure:Code value='BDT' urn='urn:sdmx:org.sdmx.infomodel.codelist.Code=SDMX-HD:CL_CURRENCY[1.0].BDT'><structure:Description xml:lang='en'>Taka</structure:Description></structure:Code><structure:Code value='WST' urn='urn:sdmx:org.sdmx.infomodel.codelist.Code=SDMX-HD:CL_CURRENCY[1.0].WST'><structure:Description xml:lang='en'>Tala</structure:Description></structure:Code><structure:Code value='TZS' urn='urn:sdmx:org.sdmx.infomodel.codelist.Code=SDMX-HD:CL_CURRENCY[1.0].TZS'><structure:Description xml:lang='en'>Tanzanian Shilling</structure:Description></structure:Code><structure:Code value='KZT' urn='urn:sdmx:org.sdmx.infomodel.codelist.Code=SDMX-HD:CL_CURRENCY[1.0].KZT'><structure:Description xml:lang='en'>Tenge</structure:Description></structure:Code><structure:Code value='XXX' urn='urn:sdmx:org.sdmx.infomodel.codelist.Code=SDMX-HD:CL_CURRENCY[1.0].XXX'><structure:Description xml:lang='en'>The codes assigned for transactions where no currency is involved are:</structure:Description></structure:Code><structure:Code value='TTD' urn='urn:sdmx:org.sdmx.infomodel.codelist.Code=SDMX-HD:CL_CURRENCY[1.0].TTD'><structure:Description xml:lang='en'>Trinidata and Tobago Dollar</structure:Description></structure:Code><structure:Code value='MNT' urn='urn:sdmx:org.sdmx.infomodel.codelist.Code=SDMX-HD:CL_CURRENCY[1.0].MNT'><structure:Description xml:lang='en'>Tugrik</structure:Description></structure:Code><structure:Code value='TND' urn='urn:sdmx:org.sdmx.infomodel.codelist.Code=SDMX-HD:CL_CURRENCY[1.0].TND'><structure:Description xml:lang='en'>Tunisian Dinar</structure:Description></structure:Code><structure:Code value='TRY' urn='urn:sdmx:org.sdmx.infomodel.codelist.Code=SDMX-HD:CL_CURRENCY[1.0].TRY'><structure:Description xml:lang='en'>Turkish Lira</structure:Description></structure:Code><structure:Code value='AED' urn='urn:sdmx:org.sdmx.infomodel.codelist.Code=SDMX-HD:CL_CURRENCY[1.0].AED'><structure:Description xml:lang='en'>UAE Dirham</structure:Description></structure:Code><structure:Code value='UGX' urn='urn:sdmx:org.sdmx.infomodel.codelist.Code=SDMX-HD:CL_CURRENCY[1.0].UGX'><structure:Description xml:lang='en'>Uganda Shilling</structure:Description></structure:Code><structure:Code value='XFU' urn='urn:sdmx:org.sdmx.infomodel.codelist.Code=SDMX-HD:CL_CURRENCY[1.0].XFU'><structure:Description xml:lang='en'>UIC-Franc</structure:Description></structure:Code><structure:Code value='COU' urn='urn:sdmx:org.sdmx.infomodel.codelist.Code=SDMX-HD:CL_CURRENCY[1.0].COU'><structure:Description xml:lang='en'>Unidad de Valor real</structure:Description></structure:Code><structure:Code value='CLF' urn='urn:sdmx:org.sdmx.infomodel.codelist.Code=SDMX-HD:CL_CURRENCY[1.0].CLF'><structure:Description xml:lang='en'>Unidades de fomento</structure:Description></structure:Code><structure:Code value='UYI' urn='urn:sdmx:org.sdmx.infomodel.codelist.Code=SDMX-HD:CL_CURRENCY[1.0].UYI'><structure:Description xml:lang='en'>Uruguay Peso en Unidades Indexadas</structure:Description></structure:Code><structure:Code value='USD' urn='urn:sdmx:org.sdmx.infomodel.codelist.Code=SDMX-HD:CL_CURRENCY[1.0].USD'><structure:Description xml:lang='en'>US Dollar</structure:Description></structure:Code><structure:Code value='USN' urn='urn:sdmx:org.sdmx.infomodel.codelist.Code=SDMX-HD:CL_CURRENCY[1.0].USN'><structure:Description xml:lang='en'>US Dollar (Next Day)</structure:Description></structure:Code><structure:Code value='USS' urn='urn:sdmx:org.sdmx.infomodel.codelist.Code=SDMX-HD:CL_CURRENCY[1.0].USS'><structure:Description xml:lang='en'>US Dollar (Same Day)</structure:Description></structure:Code><structure:Code value='UZS' urn='urn:sdmx:org.sdmx.infomodel.codelist.Code=SDMX-HD:CL_CURRENCY[1.0].UZS'><structure:Description xml:lang='en'>Uzbekistan Sum</structure:Description></structure:Code><structure:Code value='VUV' urn='urn:sdmx:org.sdmx.infomodel.codelist.Code=SDMX-HD:CL_CURRENCY[1.0].VUV'><structure:Description xml:lang='en'>Vatu</structure:Description></structure:Code><structure:Code value='CHE' urn='urn:sdmx:org.sdmx.infomodel.codelist.Code=SDMX-HD:CL_CURRENCY[1.0].CHE'><structure:Description xml:lang='en'>WIR Euro</structure:Description></structure:Code><structure:Code value='CHW' urn='urn:sdmx:org.sdmx.infomodel.codelist.Code=SDMX-HD:CL_CURRENCY[1.0].CHW'><structure:Description xml:lang='en'>WIR Franc</structure:Description></structure:Code><structure:Code value='KRW' urn='urn:sdmx:org.sdmx.infomodel.codelist.Code=SDMX-HD:CL_CURRENCY[1.0].KRW'><structure:Description xml:lang='en'>Won</structure:Description></structure:Code><structure:Code value='YER' urn='urn:sdmx:org.sdmx.infomodel.codelist.Code=SDMX-HD:CL_CURRENCY[1.0].YER'><structure:Description xml:lang='en'>Yemeni Rial</structure:Description></structure:Code><structure:Code value='JPY' urn='urn:sdmx:org.sdmx.infomodel.codelist.Code=SDMX-HD:CL_CURRENCY[1.0].JPY'><structure:Description xml:lang='en'>Yen</structure:Description></structure:Code><structure:Code value='CNY' urn='urn:sdmx:org.sdmx.infomodel.codelist.Code=SDMX-HD:CL_CURRENCY[1.0].CNY'><structure:Description xml:lang='en'>Yuan Renminbi</structure:Description></structure:Code><structure:Code value='ZMK' urn='urn:sdmx:org.sdmx.infomodel.codelist.Code=SDMX-HD:CL_CURRENCY[1.0].ZMK'><structure:Description xml:lang='en'>Zambian Kwacha</structure:Description></structure:Code><structure:Code value='ZWL' urn='urn:sdmx:org.sdmx.infomodel.codelist.Code=SDMX-HD:CL_CURRENCY[1.0].ZWL'><structure:Description xml:lang='en'>Zimbabwe Dollar</structure:Description></structure:Code><structure:Code value='PLN' urn='urn:sdmx:org.sdmx.infomodel.codelist.Code=SDMX-HD:CL_CURRENCY[1.0].PLN'><structure:Description xml:lang='en'>Zloty</structure:Description></structure:Code></structure:CodeList></CodeLists>
</Structure>
