<?xml version='1.0'?>
<?xml-stylesheet type="text/xsl" href="codelist.xsl"?>
<Structure xmlns:structure='http://www.SDMX.org/resources/SDMXML/schemas/v2_0/structure' xsi:schemaLocation='http://www.SDMX.org/resources/SDMXML/schemas/v2_0/message SDMXMessage.xsd' xmlns:xsi='http://www.w3.org/2001/XMLSchema-instance' xmlns='http://www.SDMX.org/resources/SDMXML/schemas/v2_0/message'>
	<Header>
		<ID>SDMX-HD-DSD</ID>
		<Test>false</Test>
		<Truncated>false</Truncated>
		<Name xml:lang='en'>SDMX Health Domain</Name>
		<Prepared>2009-03-20</Prepared>
		<Sender id='SDMX-HD'>
			<Name>SDMX-HD Health Domain</Name>
			<Contact>
				<Name xml:lang='en'>Patrick Whitaker</Name>
				<Department>Health Care Informatics</Department>
				<Telephone>+41.22.791.1372</Telephone>
				<Email>whitakerp@who.int</Email>
			</Contact>
		</Sender>
		<Extracted>2009-03-20T13:03:46</Extracted>
	</Header>
	<CodeLists>
		<structure:CodeList agencyID='SDMX-HD' isFinal='true' id='CL_DSTYPE' version='1.0' urn='urn:sdmx:org.sdmx.infomodel.codelist.CodeList=SDMX-HD:CL_DSTYPE[1.0]'><structure:Name xml:lang='en'>Data Source Type</structure:Name><structure:Description xml:lang='en'>Generic source type for the data.</structure:Description><structure:Code value='1' urn='urn:sdmx:org.sdmx.infomodel.codelist.Code=SDMX-HD:CL_DSTYPE[1.0].1'><structure:Description xml:lang='en'>Population census</structure:Description></structure:Code><structure:Code value='2' urn='urn:sdmx:org.sdmx.infomodel.codelist.Code=SDMX-HD:CL_DSTYPE[1.0].2'><structure:Description xml:lang='en'>Household survey</structure:Description></structure:Code><structure:Code value='3' urn='urn:sdmx:org.sdmx.infomodel.codelist.Code=SDMX-HD:CL_DSTYPE[1.0].3'><structure:Description xml:lang='en'>Civil registration</structure:Description></structure:Code><structure:Code value='4' urn='urn:sdmx:org.sdmx.infomodel.codelist.Code=SDMX-HD:CL_DSTYPE[1.0].4'><structure:Description xml:lang='en'>Disease surveillance</structure:Description></structure:Code><structure:Code value='5' urn='urn:sdmx:org.sdmx.infomodel.codelist.Code=SDMX-HD:CL_DSTYPE[1.0].5'><structure:Description xml:lang='en'>Individual or patient records</structure:Description></structure:Code><structure:Code value='6' urn='urn:sdmx:org.sdmx.infomodel.codelist.Code=SDMX-HD:CL_DSTYPE[1.0].6'><structure:Description xml:lang='en'>Service or facility records</structure:Description></structure:Code><structure:Code value='7' urn='urn:sdmx:org.sdmx.infomodel.codelist.Code=SDMX-HD:CL_DSTYPE[1.0].7'><structure:Description xml:lang='en'>National health accounts</structure:Description></structure:Code><structure:Code value='8' urn='urn:sdmx:org.sdmx.infomodel.codelist.Code=SDMX-HD:CL_DSTYPE[1.0].8'><structure:Description xml:lang='en'>Facility registers</structure:Description></structure:Code><structure:Code value='9' urn='urn:sdmx:org.sdmx.infomodel.codelist.Code=SDMX-HD:CL_DSTYPE[1.0].9'><structure:Description xml:lang='en'>Registers/databases</structure:Description></structure:Code><structure:Code value='10' urn='urn:sdmx:org.sdmx.infomodel.codelist.Code=SDMX-HD:CL_DSTYPE[1.0].10'><structure:Description xml:lang='en'>Client records and registers</structure:Description></structure:Code><structure:Code value='11' urn='urn:sdmx:org.sdmx.infomodel.codelist.Code=SDMX-HD:CL_DSTYPE[1.0].11'><structure:Description xml:lang='en'>Other program monitoring tools</structure:Description></structure:Code><structure:Code value='_NA' urn='urn:sdmx:org.sdmx.infomodel.codelist.Code=SDMX-HD:CL_DSTYPE[1.0]._NA'><structure:Description xml:lang='en'>Not Applicable</structure:Description></structure:Code><structure:Code value='_UNK' urn='urn:sdmx:org.sdmx.infomodel.codelist.Code=SDMX-HD:CL_DSTYPE[1.0]._UNK'><structure:Description xml:lang='en'>Unknown</structure:Description></structure:Code></structure:CodeList></CodeLists>
</Structure>
