<?xml version='1.0'?>
<?xml-stylesheet type="text/xsl" href="codelist.xsl"?>
<Structure xmlns:structure='http://www.SDMX.org/resources/SDMXML/schemas/v2_0/structure' xsi:schemaLocation='http://www.SDMX.org/resources/SDMXML/schemas/v2_0/message SDMXMessage.xsd' xmlns:xsi='http://www.w3.org/2001/XMLSchema-instance' xmlns='http://www.SDMX.org/resources/SDMXML/schemas/v2_0/message'>
	<Header>
		<ID>SDMX-HD-DSD</ID>
		<Test>false</Test>
		<Truncated>false</Truncated>
		<Name xml:lang='en'>SDMX Health Domain</Name>
		<Prepared>2009-03-20</Prepared>
		<Sender id='SDMX-HD'>
			<Name>SDMX-HD Health Domain</Name>
			<Contact>
				<Name xml:lang='en'>Patrick Whitaker</Name>
				<Department>Health Care Informatics</Department>
				<Telephone>+41.22.791.1372</Telephone>
				<Email>whitakerp@who.int</Email>
			</Contact>
		</Sender>
		<Extracted>2009-03-20T13:03:46</Extracted>
	</Header>
	<CodeLists>
		<structure:CodeList agencyID='SDMX-HD' isFinal='true' id='CL_FREQ' version='1.0' urn='urn:sdmx:org.sdmx.infomodel.codelist.CodeList=SDMX-HD:CL_FREQ[1.0]'><structure:Name xml:lang='en'>Frequency</structure:Name><structure:Description xml:lang='en'>Actual frequency of data collection. &amp;#13;&amp;#10;&amp;#13;&amp;#10;It provides a list of values indicating the &amp;quot;frequency&amp;quot; of the data (e.g. monthly) and, thus, indirectly, also implying the type of &amp;quot;time reference&amp;quot; that could be used for identifying the data with respect time.&amp;#13;&amp;#10;&amp;#13;&amp;#10;This code list is used to provide values, usually, to the dimension &amp;quot;frequency&amp;quot; used in identifying and distinguishing aggregates and data, that may appear in various frequencies (e.g. monthly, quarterly, annual), usually based on the same methodology). The appropriate value to choose for a series should correspond to&amp;#13;&amp;#10;the highest frequency at which the series may be observed. For example, sometimes there are series that may change have a new observation every two or three months but without a prefixed pattern. &amp;#13;&amp;#10;&amp;#13;&amp;#10;In this case the code &amp;quot;M&amp;quot; (=monthly) should be used (denoting the highest possible frequency that could be observed in the series). And if there was a possibility, in such a (rarely changing) series, that two different values might appear within the same month at two different dates, in this case the frequency D (=daily) or B (=business) should be used (as this would be the highest observable frequency), even if the series eventually has&amp;#13;&amp;#10;a lots of &amp;ldquo;holes&amp;rdquo;.&amp;#13;&amp;#10;&amp;#13;&amp;#10;See: http://sdmx.org/wp-content/uploads/2009/01/02_sdmx_cog_annex_2_cl_2009.pdf</structure:Description><structure:Code value='A' urn='urn:sdmx:org.sdmx.infomodel.codelist.Code=SDMX-HD:CL_FREQ[1.0].A'><structure:Description xml:lang='en'>Annually</structure:Description></structure:Code><structure:Code value='S' urn='urn:sdmx:org.sdmx.infomodel.codelist.Code=SDMX-HD:CL_FREQ[1.0].S'><structure:Description xml:lang='en'>Half-yearly, semester, biannual</structure:Description></structure:Code><structure:Code value='Q' urn='urn:sdmx:org.sdmx.infomodel.codelist.Code=SDMX-HD:CL_FREQ[1.0].Q'><structure:Description xml:lang='en'>Quarterly</structure:Description></structure:Code><structure:Code value='M' urn='urn:sdmx:org.sdmx.infomodel.codelist.Code=SDMX-HD:CL_FREQ[1.0].M'><structure:Description xml:lang='en'>Monthly</structure:Description></structure:Code><structure:Code value='W' urn='urn:sdmx:org.sdmx.infomodel.codelist.Code=SDMX-HD:CL_FREQ[1.0].W'><structure:Description xml:lang='en'>Weekly</structure:Description></structure:Code><structure:Code value='D' urn='urn:sdmx:org.sdmx.infomodel.codelist.Code=SDMX-HD:CL_FREQ[1.0].D'><structure:Description xml:lang='en'>Daily</structure:Description></structure:Code><structure:Code value='B' urn='urn:sdmx:org.sdmx.infomodel.codelist.Code=SDMX-HD:CL_FREQ[1.0].B'><structure:Description xml:lang='en'>Daily - business week</structure:Description></structure:Code><structure:Code value='N' urn='urn:sdmx:org.sdmx.infomodel.codelist.Code=SDMX-HD:CL_FREQ[1.0].N'><structure:Description xml:lang='en'>Minutely</structure:Description></structure:Code><structure:Code value='Z' urn='urn:sdmx:org.sdmx.infomodel.codelist.Code=SDMX-HD:CL_FREQ[1.0].Z'><structure:Description xml:lang='en'>Biennially, every two years</structure:Description></structure:Code><structure:Code value='P' urn='urn:sdmx:org.sdmx.infomodel.codelist.Code=SDMX-HD:CL_FREQ[1.0].P'><structure:Description xml:lang='en'>Periodic</structure:Description></structure:Code><structure:Code value='BM' urn='urn:sdmx:org.sdmx.infomodel.codelist.Code=SDMX-HD:CL_FREQ[1.0].BM'><structure:Description xml:lang='en'>Bimonthly</structure:Description></structure:Code><structure:Code value='C' urn='urn:sdmx:org.sdmx.infomodel.codelist.Code=SDMX-HD:CL_FREQ[1.0].C'><structure:Description xml:lang='en'>Continuously</structure:Description></structure:Code><structure:Code value='AH' urn='urn:sdmx:org.sdmx.infomodel.codelist.Code=SDMX-HD:CL_FREQ[1.0].AH'><structure:Description xml:lang='en'>Ad hoc</structure:Description></structure:Code></structure:CodeList></CodeLists>
</Structure>
