<?xml version='1.0'?>
<?xml-stylesheet type="text/xsl" href="codelist.xsl"?>
<Structure xmlns:structure='http://www.SDMX.org/resources/SDMXML/schemas/v2_0/structure' xsi:schemaLocation='http://www.SDMX.org/resources/SDMXML/schemas/v2_0/message SDMXMessage.xsd' xmlns:xsi='http://www.w3.org/2001/XMLSchema-instance' xmlns='http://www.SDMX.org/resources/SDMXML/schemas/v2_0/message'>
	<Header>
		<ID>SDMX-HD-DSD</ID>
		<Test>false</Test>
		<Truncated>false</Truncated>
		<Name xml:lang='en'>SDMX Health Domain</Name>
		<Prepared>2009-03-20</Prepared>
		<Sender id='SDMX-HD'>
			<Name>SDMX-HD Health Domain</Name>
			<Contact>
				<Name xml:lang='en'>Patrick Whitaker</Name>
				<Department>Health Care Informatics</Department>
				<Telephone>+41.22.791.1372</Telephone>
				<Email>whitakerp@who.int</Email>
			</Contact>
		</Sender>
		<Extracted>2009-03-20T13:03:46</Extracted>
	</Header>
	<CodeLists>
		<structure:CodeList agencyID='SDMX-HD' isFinal='true' id='CL_GEOGRAPHIC_PLACE_NAME' version='1.0' urn='urn:sdmx:org.sdmx.infomodel.codelist.CodeList=SDMX-HD:CL_GEOGRAPHIC_PLACE_NAME[1.0]'><structure:Name xml:lang='en'>Geographic Place Name</structure:Name><structure:Description xml:lang='en'>This is a placeholder codelist: populate it with ISO/3166-2 codes for sub-national level-1 places (see http://www.commondatahub.com/live/geography/state_province_region/iso_3166_2_state_codes)&amp;#13;&amp;#10;      Whenever a sub-national place is included in this list, the country it belongs to must also be included here, so that&amp;#13;&amp;#10;      HY_GEOGRAPHIC_PLACE_NAME can be populated accordingly. The root of the hierarchy is always the international level, so it is included by default below.</structure:Description><structure:Code value='00' urn='urn:sdmx:org.sdmx.infomodel.codelist.Code=SDMX-HD:CL_GEOGRAPHIC_PLACE_NAME[1.0].00'><structure:Description xml:lang='en'>International</structure:Description></structure:Code></structure:CodeList></CodeLists>
</Structure>
