<?xml version='1.0'?>
<?xml-stylesheet type="text/xsl" href="codelist.xsl"?>
<Structure xmlns:structure='http://www.SDMX.org/resources/SDMXML/schemas/v2_0/structure' xsi:schemaLocation='http://www.SDMX.org/resources/SDMXML/schemas/v2_0/message SDMXMessage.xsd' xmlns:xsi='http://www.w3.org/2001/XMLSchema-instance' xmlns='http://www.SDMX.org/resources/SDMXML/schemas/v2_0/message'>
	<Header>
		<ID>SDMX-HD-DSD</ID>
		<Test>false</Test>
		<Truncated>false</Truncated>
		<Name xml:lang='en'>SDMX Health Domain</Name>
		<Prepared>2009-03-20</Prepared>
		<Sender id='SDMX-HD'>
			<Name>SDMX-HD Health Domain</Name>
			<Contact>
				<Name xml:lang='en'>Patrick Whitaker</Name>
				<Department>Health Care Informatics</Department>
				<Telephone>+41.22.791.1372</Telephone>
				<Email>whitakerp@who.int</Email>
			</Contact>
		</Sender>
		<Extracted>2009-03-20T13:03:46</Extracted>
	</Header>
	<CodeLists>
		<structure:CodeList agencyID='SDMX-HD' isFinal='true' id='CL_MULT' version='1.0' urn='urn:sdmx:org.sdmx.infomodel.codelist.CodeList=SDMX-HD:CL_MULT[1.0]'><structure:Name xml:lang='en'>Multiplier</structure:Name><structure:Description xml:lang='en'>ID: UNIT_MULT (name needs to be changed to this)&amp;#13;&amp;#10;&amp;#13;&amp;#10;Exponent in base 10 specified so that multiplying the observation&amp;#13;&amp;#10;numeric values by 10^UNIT_MULT gives a value expressed in the unit of measure.&amp;#13;&amp;#10;&amp;#13;&amp;#10;See: http://sdmx.org/wp-content/uploads/2009/01/02_sdmx_cog_annex_2_cl_2009.pdf&amp;#13;&amp;#10;&amp;#13;&amp;#10;In some data bases, it is referred to as SCALE, MAGNITUDE or&amp;#13;&amp;#10;POWER, e.g. &amp;quot;Multiplier=6&amp;quot; means that observations are in millions, &amp;quot;Multiplier=-2&amp;quot; means a percentage.&amp;#13;&amp;#10;&amp;#13;&amp;#10;CODELIST: CL_UNIT_MULT</structure:Description><structure:Code value='1' urn='urn:sdmx:org.sdmx.infomodel.codelist.Code=SDMX-HD:CL_MULT[1.0].1'><structure:Description xml:lang='en'>10</structure:Description></structure:Code><structure:Code value='2' urn='urn:sdmx:org.sdmx.infomodel.codelist.Code=SDMX-HD:CL_MULT[1.0].2'><structure:Description xml:lang='en'>100</structure:Description></structure:Code><structure:Code value='3' urn='urn:sdmx:org.sdmx.infomodel.codelist.Code=SDMX-HD:CL_MULT[1.0].3'><structure:Description xml:lang='en'>1,000</structure:Description></structure:Code><structure:Code value='4' urn='urn:sdmx:org.sdmx.infomodel.codelist.Code=SDMX-HD:CL_MULT[1.0].4'><structure:Description xml:lang='en'>10,000</structure:Description></structure:Code><structure:Code value='6' urn='urn:sdmx:org.sdmx.infomodel.codelist.Code=SDMX-HD:CL_MULT[1.0].6'><structure:Description xml:lang='en'>1,000,000</structure:Description></structure:Code><structure:Code value='7' urn='urn:sdmx:org.sdmx.infomodel.codelist.Code=SDMX-HD:CL_MULT[1.0].7'><structure:Description xml:lang='en'>10,000,000</structure:Description></structure:Code><structure:Code value='_NA' urn='urn:sdmx:org.sdmx.infomodel.codelist.Code=SDMX-HD:CL_MULT[1.0]._NA'><structure:Description xml:lang='en'>Not Applicable</structure:Description></structure:Code><structure:Code value='_UNK' urn='urn:sdmx:org.sdmx.infomodel.codelist.Code=SDMX-HD:CL_MULT[1.0]._UNK'><structure:Description xml:lang='en'>Unknown</structure:Description></structure:Code><structure:Code value='5' urn='urn:sdmx:org.sdmx.infomodel.codelist.Code=SDMX-HD:CL_MULT[1.0].5'><structure:Description xml:lang='en'>100,000</structure:Description></structure:Code><structure:Code value='8' urn='urn:sdmx:org.sdmx.infomodel.codelist.Code=SDMX-HD:CL_MULT[1.0].8'><structure:Description xml:lang='en'>100,000,000</structure:Description></structure:Code><structure:Code value='0' urn='urn:sdmx:org.sdmx.infomodel.codelist.Code=SDMX-HD:CL_MULT[1.0].0'><structure:Description xml:lang='en'>Units</structure:Description></structure:Code><structure:Code value='-1' urn='urn:sdmx:org.sdmx.infomodel.codelist.Code=SDMX-HD:CL_MULT[1.0].-1'><structure:Description xml:lang='en'>.1</structure:Description></structure:Code><structure:Code value='-2' urn='urn:sdmx:org.sdmx.infomodel.codelist.Code=SDMX-HD:CL_MULT[1.0].-2'><structure:Description xml:lang='en'>.01</structure:Description></structure:Code></structure:CodeList></CodeLists>
</Structure>
