﻿<?xml version="1.0" encoding="utf-8"?>
<Structure xmlns="http://www.SDMX.org/resources/SDMXML/schemas/v2_0/message">
  <Header>
    <ID>SDMX-HD-DSD</ID>
    <Test>false</Test>
    <Truncated>false</Truncated>
    <Name>SDMX Health Domain</Name>
    <Prepared>2009-10-30</Prepared>
    <Sender id="WHO_IMR">
      <Name>WHO Indicator and Metadata Registry</Name>
      <Contact>
        <Name>Patrick Whitaker</Name>
        <Department>Halth Care Informatics</Department>
        <Telephone>+41.22.791.1372</Telephone>
        <Email>whitakerp@who.int</Email>
      </Contact>
    </Sender>
    <Extracted>2009-10-30T14:14:45</Extracted>
  </Header>
  <CodeLists>
    <CodeList id="CL_DISAGG" agencyID="SDMX-HD" version="1.0" isFinal="false" urn="urn:sdmx:org.sdmx.infomodel.codelist=SDMX-HD:CL_DISAGG" xmlns="http://www.SDMX.org/resources/SDMXML/schemas/v2_0/structure">
      <Name xml:lang="en">Disaggregation</Name>
      <Description xml:lang="en">Disaggregation dimensions.</Description>
      <Code value="123" urn="urn:sdmx:org.sdmx.infomodel.codelist.Code=SDMX-HD:CL_DISAGG[1.0].123">
        <Description xml:lang="EN">Age</Description>
      </Code>
      <Code value="130" urn="urn:sdmx:org.sdmx.infomodel.codelist.Code=SDMX-HD:CL_DISAGG[1.0].130">
        <Description xml:lang="EN">Sex</Description>
      </Code>
      <Code value="134" urn="urn:sdmx:org.sdmx.infomodel.codelist.Code=SDMX-HD:CL_DISAGG[1.0].134">
        <Description xml:lang="EN">Location (urban/rural)</Description>
      </Code>
      <Code value="268" urn="urn:sdmx:org.sdmx.infomodel.codelist.Code=SDMX-HD:CL_DISAGG[1.0].268">
        <Description xml:lang="EN">By administrative area</Description>
      </Code>
      <Code value="274" urn="urn:sdmx:org.sdmx.infomodel.codelist.Code=SDMX-HD:CL_DISAGG[1.0].274">
        <Description xml:lang="EN">Education level</Description>
      </Code>
      <Code value="276" urn="urn:sdmx:org.sdmx.infomodel.codelist.Code=SDMX-HD:CL_DISAGG[1.0].276">
        <Description xml:lang="EN">Wealth</Description>
      </Code>
      <Code value="278" urn="urn:sdmx:org.sdmx.infomodel.codelist.Code=SDMX-HD:CL_DISAGG[1.0].278">
        <Description xml:lang="EN">Occupational specialization</Description>
      </Code>
      <Code value="279" urn="urn:sdmx:org.sdmx.infomodel.codelist.Code=SDMX-HD:CL_DISAGG[1.0].279">
        <Description xml:lang="EN">Marital status</Description>
      </Code>
      <Code value="280" urn="urn:sdmx:org.sdmx.infomodel.codelist.Code=SDMX-HD:CL_DISAGG[1.0].280">
        <Description xml:lang="EN">Provider type (public/private)</Description>
      </Code>
      <Code value="284" urn="urn:sdmx:org.sdmx.infomodel.codelist.Code=SDMX-HD:CL_DISAGG[1.0].284">
        <Description xml:lang="EN">Health personnel</Description>
      </Code>
      <Code value="288" urn="urn:sdmx:org.sdmx.infomodel.codelist.Code=SDMX-HD:CL_DISAGG[1.0].288">
        <Description xml:lang="EN">Method of contraception</Description>
      </Code>
      <Code value="290" urn="urn:sdmx:org.sdmx.infomodel.codelist.Code=SDMX-HD:CL_DISAGG[1.0].290">
        <Description xml:lang="EN">HIV status</Description>
      </Code>
      <Code value="291" urn="urn:sdmx:org.sdmx.infomodel.codelist.Code=SDMX-HD:CL_DISAGG[1.0].291">
        <Description xml:lang="EN">Forms of disease</Description>
      </Code>
      <Code value="292" urn="urn:sdmx:org.sdmx.infomodel.codelist.Code=SDMX-HD:CL_DISAGG[1.0].292">
        <Description xml:lang="EN">Drug resistance</Description>
      </Code>
      <Code value="319" urn="urn:sdmx:org.sdmx.infomodel.codelist.Code=SDMX-HD:CL_DISAGG[1.0].319">
        <Description xml:lang="EN">Product type</Description>
      </Code>
      <Code value="367" urn="urn:sdmx:org.sdmx.infomodel.codelist.Code=SDMX-HD:CL_DISAGG[1.0].367">
        <Description xml:lang="EN">Cause</Description>
      </Code>
      <Code value="375" urn="urn:sdmx:org.sdmx.infomodel.codelist.Code=SDMX-HD:CL_DISAGG[1.0].375">
        <Description xml:lang="EN">Main work activity</Description>
      </Code>
      <Code value="469" urn="urn:sdmx:org.sdmx.infomodel.codelist.Code=SDMX-HD:CL_DISAGG[1.0].469">
        <Description xml:lang="EN">Place of Delivery</Description>
      </Code>
    </CodeList>
  </CodeLists>
</Structure>