﻿<?xml version="1.0" encoding="utf-8"?>
<Structure xmlns="http://www.SDMX.org/resources/SDMXML/schemas/v2_0/message">
  <Header>
    <ID>SDMX-HD-DSD</ID>
    <Test>false</Test>
    <Truncated>false</Truncated>
    <Name>SDMX Health Domain</Name>
    <Prepared>2009-10-30</Prepared>
    <Sender id="WHO_IMR">
      <Name>WHO Indicator and Metadata Registry</Name>
      <Contact>
        <Name>Patrick Whitaker</Name>
        <Department>Halth Care Informatics</Department>
        <Telephone>+41.22.791.1372</Telephone>
        <Email>whitakerp@who.int</Email>
      </Contact>
    </Sender>
    <Extracted>2009-10-30T14:14:45</Extracted>
  </Header>
  <CodeLists>
    <CodeList id="CL_GLOCATION" agencyID="SDMX-HD" version="1.0" isFinal="false" urn="urn:sdmx:org.sdmx.infomodel.codelist=SDMX-HD:CL_GLOCATION" xmlns="http://www.SDMX.org/resources/SDMXML/schemas/v2_0/structure">
      <Name xml:lang="en">Geographic Location</Name>
      <Code value="136" urn="urn:sdmx:org.sdmx.infomodel.codelist.Code=SDMX-HD:CL_GLOCATION[1.0].136">
        <Description xml:lang="EN">Capital city</Description>
      </Code>
      <Code value="137" urn="urn:sdmx:org.sdmx.infomodel.codelist.Code=SDMX-HD:CL_GLOCATION[1.0].137">
        <Description xml:lang="EN">Rural</Description>
      </Code>
      <Code value="138" urn="urn:sdmx:org.sdmx.infomodel.codelist.Code=SDMX-HD:CL_GLOCATION[1.0].138">
        <Description xml:lang="EN">Urban</Description>
      </Code>
    </CodeList>
  </CodeLists>
</Structure>