﻿<?xml version="1.0" encoding="UTF-8"?>
<Structure xmlns:xsi="http://www.w3.org/2001/XMLSchema-instance"
	xsi:schemaLocation="http://www.SDMX.org/resources/SDMXML/schemas/v2_0/message SDMXMessage.xsd"
	xmlns="http://www.SDMX.org/resources/SDMXML/schemas/v2_0/message"
	xmlns:structure="http://www.SDMX.org/resources/SDMXML/schemas/v2_0/structure">	
	<Header>
		<ID>SDMX-HD-DSD</ID>
		<Test>false</Test>
		<Truncated>false</Truncated>
		<Name xml:lang="en">SDMX Health Domain</Name>
		<Prepared>2009-03-20</Prepared>
		<Sender id="SenderSystemIdentification">
			<Name>Sender System Name</Name>
			<Contact>
				<Name xml:lang="en">Contact Name</Name>
				<Department>Agency Department Name</Department>
				<Telephone>+00.0000.0000</Telephone>
				<Email>user@host.com</Email>
			</Contact>
		</Sender>
		<Extracted>2009-03-20T13:03:46</Extracted>
	</Header>
	
	<!-- COMMON ORGANIZATIONS SPECIFIED IN THE ORGANISATION SHEME-->
	
	<OrganisationSchemes>
		<structure:OrganisationScheme id="ORGS_COMMON" agencyID="SDMX-HD" isExternalReference="true" version="1.0" isFinal="true" uri="./COMMON/SDMX-HD/v1.0/organisationschemes/ORGS_COMMON+SDMX-HD+1.0.xml">
			<structure:Name>SDMX-HD Common Organisation Scheme</structure:Name>
		</structure:OrganisationScheme>
	</OrganisationSchemes>
	
	<CodeLists>
		
		<!-- AGENCY GENERIC COMMON CODE LISTS -->
		
		<!-- PLACEHOLDER FOR CODE LISTS (isFinal=true) -->
		
		<structure:CodeList id="CL_LOGICAL"  				agencyID="SDMX-HD" version="1.0" isFinal="true" urn="urn:sdmx:org.sdmx.infomodel.codelist=SDMX-HD:CL_LOGICAL" isExternalReference="true" uri="./COMMON/SDMX-HD/v1.0/codelists/CL_LOGICAL+SDMX-HD+1.0.xml"><structure:Name xml:lang="en">Logical Value</structure:Name></structure:CodeList>
		<structure:CodeList id="CL_MULT"  					agencyID="SDMX-HD" version="1.0" isFinal="true" urn="urn:sdmx:org.sdmx.infomodel.codelist=SDMX-HD:CL_MULT" isExternalReference="true" uri="./COMMON/SDMX-HD/v1.0/codelists/CL_MULT+SDMX-HD+1.0.xml"><structure:Name xml:lang="en" >Multiplier</structure:Name></structure:CodeList>
		<structure:CodeList id="CL_OPERAND"              	agencyID="SDMX-HD" version="1.0" isFinal="true" urn="urn:sdmx:org.sdmx.infomodel.codelist=SDMX-HD:CL_OPERAND" isExternalReference="true" uri="./COMMON/SDMX-HD/v1.0/codelists/CL_OPERAND+SDMX-HD+1.0.xml"><structure:Name xml:lang="en">Operand Type</structure:Name></structure:CodeList>
		<structure:CodeList id="CL_UNIT"                    agencyID="SDMX-HD" version="1.0" isFinal="false" urn="urn:sdmx:org.sdmx.infomodel.codelist=SDMX-HD:CL_UNIT" isExternalReference="true" uri="./COMMON/SDMX-HD/v1.0/codelists/CL_UNIT+SDMX-HD+1.0.xml"><structure:Name xml:lang="en">Unit</structure:Name></structure:CodeList>		
		<structure:CodeList id="CL_PERIODICITY"             agencyID="SDMX-HD" version="1.0" isFinal="true" urn="urn:sdmx:org.sdmx.infomodel.codelist=SDMX-HD:CL_PERIODICITY" isExternalReference="true" uri="./COMMON/SDMX-HD/v1.0/codelists/CL_PERIODICITY+SDMX-HD+1.0.xml"><structure:Name xml:lang="en">Periodicity</structure:Name></structure:CodeList>		
		
		<!-- PLACEHOLDER FOR VOLATILE CODE LISTS (isFinal=false) -->

		<structure:CodeList id="CL_DSOURCE"  				agencyID="SDMX-HD" version="1.0" isFinal="false" urn="urn:sdmx:org.sdmx.infomodel.codelist=SDMX-HD:CL_DSOURCE" isExternalReference="true" uri="./COMMON/SDMX-HD/v1.0/codelists/CL_DSOURCE+SDMX-HD+1.0.xml"><structure:Name xml:lang="en" >Data Source</structure:Name></structure:CodeList>
		<structure:CodeList id="CL_DSTYPE"  				agencyID="SDMX-HD" version="1.0" isFinal="false" urn="urn:sdmx:org.sdmx.infomodel.codelist=SDMX-HD:CL_DSTYPE" isExternalReference="true" uri="./COMMON/SDMX-HD/v1.0/codelists/CL_DSTYPE+SDMX-HD+1.0.xml"><structure:Name xml:lang="en" >Data Source Type</structure:Name></structure:CodeList>				
		<structure:CodeList id="CL_GLOCATION"  				agencyID="SDMX-HD" version="1.0" isFinal="false" urn="urn:sdmx:org.sdmx.infomodel.codelist=SDMX-HD:CL_GLOCATION" isExternalReference="true" uri="./COMMON/SDMX-HD/v1.0/codelists/CL_GLOCATION+SDMX-HD+1.0.xml"><structure:Name xml:lang="en" >Geographic Location</structure:Name></structure:CodeList>		
		<structure:CodeList id="CL_ORGANIZATION"     		agencyID="SDMX-HD" version="1.0" isFinal="false" urn="urn:sdmx:org.sdmx.infomodel.codelist=SDMX-HD:CL_ORGANIZATION" isExternalReference="true" uri="./additional/CL_ORGANIZATION.xml" ><structure:Name xml:lang="en">Organization</structure:Name></structure:CodeList>
		<structure:CodeList id="CL_DISEASE"                 agencyID="SDMX-HD" version="1.0" isFinal="false" urn="urn:sdmx:org.sdmx.infomodel.codelist=SDMX-HD:CL_DISEASE" isExternalReference="true" uri="./COMMON/SDMX-HD/v1.0/codelists/CL_DISEASE+SDMX-HD+1.0.xml"><structure:Name xml:lang="en">Disease</structure:Name></structure:CodeList>
		<structure:CodeList id="CL_VALUE_TYPE"         		agencyID="SDMX-HD" version="1.0" isFinal="false" urn="urn:sdmx:org.sdmx.infomodel.codelist=SDMX-HD:CL_VALUE_TYPE" isExternalReference="true" uri="./COMMON/SDMX-HD/v1.0/codelists/CL_VALUE_TYPE+SDMX-HD+1.0.xml"><structure:Name xml:lang="en">Value entered is of which type</structure:Name></structure:CodeList>
		
		<!-- AGENCY SPECIFIC CUSTOM CODE LISTS -->	

		<structure:CodeList id="CL_AGROUP" 					agencyID="WHO" version="1.0" isFinal="false" urn="urn:sdmx:org.sdmx.infomodel.codelist=WHO:CL_AGROUP" isExternalReference="true" uri="./CUSTOM/WHO/v1.0/codelists/CL_AGROUP+WHO+1.0.xml"><structure:Name xml:lang="en">Age Group</structure:Name></structure:CodeList>

		<!-- THIS WAS A COMMON CODE LIST, BUT I NEED TO CREATE MY OWN CUSTOM VERSION -->
		
		<structure:CodeList id="CL_GENDER"  				agencyID="WHO" version="1.0" isFinal="true" urn="urn:sdmx:org.sdmx.infomodel.codelist=WHO:CL_GENDER" isExternalReference="true" uri="./CUSTOM/WHO/v1.0/codelists/CL_GENDER+WHO+1.0.xml"><structure:Name xml:lang="en" >Gender</structure:Name></structure:CodeList>
		
		<!-- VOLATILE COMMON CODE LISTS CAN KEEP SAME AGENCY AS isFinal="false" -->
		
		<structure:CodeList id="CL_GEOGRAPHIC_PLACE_NAME" 	agencyID="SDMX-HD" version="1.0" isFinal="false" urn="urn:sdmx:org.sdmx.infomodel.codelist=SDMX-HD:CL_GEOGRAPHIC_PLACE_NAME" isExternalReference="true" uri="./additional/CL_GEOGRAPHIC_PLACE_NAME.xml"><structure:Name xml:lang="en">Geographic Place Name</structure:Name></structure:CodeList>		
		<structure:CodeList id="CL_INDICATOR"            	agencyID="SDMX-HD" version="1.0" isFinal="false" urn="urn:sdmx:org.sdmx.infomodel.codelist=SDMX-HD:CL_INDICATOR" isExternalReference="true" uri="./additional/CL_INDICATOR.xml"><structure:Name xml:lang="en">Indicator</structure:Name></structure:CodeList>
		<structure:CodeList id="CL_TIME_PERIOD"            	agencyID="SDMX-HD" version="1.0" isFinal="false" urn="urn:sdmx:org.sdmx.infomodel.codelist=SDMX-HD:CL_TIME_PERIOD" isExternalReference="true" uri="./additional/CL_TIME_PERIOD.xml"><structure:Name xml:lang="en">Time Period</structure:Name></structure:CodeList>
		<structure:CodeList id="CL_PROGRAM"         		agencyID="SDMX-HD" version="1.0" isFinal="false" urn="urn:sdmx:org.sdmx.infomodel.codelist=SDMX-HD:CL_PROGRAM" isExternalReference="true" uri="./additional/CL_PROGRAM.xml"><structure:Name xml:lang="en">Program</structure:Name></structure:CodeList>
		
	</CodeLists>

	<HierarchicalCodelists>		
		<structure:HierarchicalCodelist id="VOLATILE_CODELIST_HIERARCHY" version="1.0" isFinal="false" agencyID="SDMX-HD"    >
			<structure:Name>hierarchies that change frequently</structure:Name>

			<!-- CODELISTREF ALIASES GENERATED HERE -->
			
			<structure:CodelistRef>
				<structure:AgencyID>SDMX-HD</structure:AgencyID>
				<structure:CodelistID>CL_GEOGRAPHIC_PLACE_NAME</structure:CodelistID>
				<structure:Version>1.0</structure:Version>
				<structure:Alias>AL_GEO</structure:Alias>
			</structure:CodelistRef>
			
			<structure:CodelistRef>
				<structure:AgencyID>SDMX-HD</structure:AgencyID>
				<structure:CodelistID>CL_PROGRAM</structure:CodelistID>
				<structure:Version>1.0</structure:Version>
				<structure:Alias>AL_PROGRAM</structure:Alias>
			</structure:CodelistRef>
			
			<structure:CodelistRef>
				<structure:AgencyID>SDMX-HD</structure:AgencyID>
				<structure:CodelistID>CL_OPERAND</structure:CodelistID>
				<structure:Version>1.0</structure:Version>
				<structure:Alias>AL_OPERAND</structure:Alias>
			</structure:CodelistRef>
			
			<structure:CodelistRef>
				<structure:AgencyID>SDMX-HD</structure:AgencyID>
				<structure:CodelistID>CL_INDICATOR</structure:CodelistID>
				<structure:Version>1.0</structure:Version>
				<structure:Alias>AL_INDICATOR</structure:Alias>
			</structure:CodelistRef>			



			<structure:CodelistRef>
				<structure:AgencyID>SDMX-HD</structure:AgencyID>
				<structure:CodelistID>CL_VALUE_TYPE</structure:CodelistID>
				<structure:Version>1.0</structure:Version>
				<structure:Alias>AL_VALUE_TYPE</structure:Alias>
			</structure:CodelistRef>
		  
			<structure:CodelistRef>
				<structure:AgencyID>SDMX-HD</structure:AgencyID>
				<structure:CodelistID>CL_TIME_PERIOD</structure:CodelistID>
				<structure:Version>1.0</structure:Version>
				<structure:Alias>AL_TIME_PERIOD</structure:Alias>
			</structure:CodelistRef>
			
			<structure:CodelistRef>
				<structure:AgencyID>WHO</structure:AgencyID>
				<structure:CodelistID>CL_AGROUP</structure:CodelistID>
				<structure:Version>1.0</structure:Version>
				<structure:Alias>AL_AGROUP</structure:Alias>
			</structure:CodelistRef>

			<structure:CodelistRef>
				<structure:AgencyID>WHO</structure:AgencyID>
				<structure:CodelistID>CL_GENDER</structure:CodelistID>
				<structure:Version>1.0</structure:Version>
				<structure:Alias>AL_GENDER</structure:Alias>
			</structure:CodelistRef>
								  
			<structure:CodelistRef>
				<structure:AgencyID>SDMX-HD</structure:AgencyID>
				<structure:CodelistID>CL_GLOCATION</structure:CodelistID>
				<structure:Version>1.0</structure:Version>
				<structure:Alias>AL_GLOCATION</structure:Alias>
			</structure:CodelistRef>		  
				  
			<!-- PLACEHOLDER FOR KNOWN HIERARCHIES -->
			
			<structure:Hierarchy id="TIME_PERIOD_HIERARCHY">
				<structure:Name>TimePeriod hierarchy</structure:Name>
				<structure:CodeRef>
				  <structure:CodelistAliasRef>AL_TIME_PERIOD</structure:CodelistAliasRef>
				  <structure:CodeID>2008</structure:CodeID>
				  <structure:CodeRef>
					<structure:CodelistAliasRef>AL_TIME_PERIOD</structure:CodelistAliasRef>
					<structure:CodeID>2008-Q1</structure:CodeID>
				  </structure:CodeRef>
				  <structure:CodeRef>
					<structure:CodelistAliasRef>AL_TIME_PERIOD</structure:CodelistAliasRef>
					<structure:CodeID>2008-Q2</structure:CodeID>
				  </structure:CodeRef>
				  <structure:CodeRef>
					<structure:CodelistAliasRef>AL_TIME_PERIOD</structure:CodelistAliasRef>
					<structure:CodeID>2008-Q3</structure:CodeID>
				  </structure:CodeRef>
				  <structure:CodeRef>
					<structure:CodelistAliasRef>AL_TIME_PERIOD</structure:CodelistAliasRef>
					<structure:CodeID>2008-Q4</structure:CodeID>
				  </structure:CodeRef>
				</structure:CodeRef>				  
			</structure:Hierarchy>	    	
			<structure:Hierarchy id="INDICATOR_HIERARCHY">
				<structure:Name>Indicator to Indicator to Operand hierarchy</structure:Name>
				<structure:CodeRef>
					<structure:CodelistAliasRef>AL_INDICATOR</structure:CodelistAliasRef>
					<structure:CodeID>0</structure:CodeID>
					<structure:CodeRef>
						<structure:CodelistAliasRef>AL_INDICATOR</structure:CodelistAliasRef>
						<structure:CodeID>1</structure:CodeID>
						<structure:CodeRef>
							<structure:CodelistAliasRef>AL_OPERAND</structure:CodelistAliasRef>
							<structure:CodeID>1</structure:CodeID>
						</structure:CodeRef>
					</structure:CodeRef>        	
					<structure:CodeRef>
						<structure:CodelistAliasRef>AL_INDICATOR</structure:CodelistAliasRef>
						<structure:CodeID>2</structure:CodeID>          	
						<structure:CodeRef>
							<structure:CodelistAliasRef>AL_OPERAND</structure:CodelistAliasRef>
							<structure:CodeID>2</structure:CodeID>
						</structure:CodeRef>
					</structure:CodeRef>        	
				</structure:CodeRef>
			</structure:Hierarchy>	    	
			<structure:Hierarchy id="INDICATOR_DISAGGREGATION_HIERARCHY">
				<structure:Name>Indicator Disaggregation Hierarchy</structure:Name>
				<structure:CodeRef>
					<structure:CodelistAliasRef>AL_INDICATOR</structure:CodelistAliasRef>
					<structure:CodeID>0</structure:CodeID>
					<structure:CodeRef>
						<structure:CodelistAliasRef>AL_VALUE_TYPE</structure:CodelistAliasRef>
						<structure:CodeID>1</structure:CodeID>
					</structure:CodeRef>
				</structure:CodeRef>
				<structure:CodeRef>
					<structure:CodelistAliasRef>AL_INDICATOR</structure:CodelistAliasRef>
					<structure:CodeID>1</structure:CodeID>
					<structure:CodeRef>
						<structure:CodelistAliasRef>AL_VALUE_TYPE</structure:CodelistAliasRef>
						<structure:CodeID>1</structure:CodeID>
					</structure:CodeRef>
				</structure:CodeRef>
				<structure:CodeRef>
					<structure:CodelistAliasRef>AL_INDICATOR</structure:CodelistAliasRef>
					<structure:CodeID>2</structure:CodeID>
					<structure:CodeRef>
						<structure:CodelistAliasRef>AL_VALUE_TYPE</structure:CodelistAliasRef>
						<structure:CodeID>1</structure:CodeID>
					</structure:CodeRef>
				</structure:CodeRef>
				<structure:CodeRef>
					<structure:CodelistAliasRef>AL_INDICATOR</structure:CodelistAliasRef>
					<structure:CodeID>3</structure:CodeID>
					<structure:CodeRef>
						<structure:CodelistAliasRef>AL_VALUE_TYPE</structure:CodelistAliasRef>
						<structure:CodeID>1</structure:CodeID>
					</structure:CodeRef>
				</structure:CodeRef>				
				<structure:CodeRef>				
					<structure:CodelistAliasRef>AL_INDICATOR</structure:CodelistAliasRef>
					<structure:CodeID>4</structure:CodeID>	              	
					<structure:CodeRef>
						<structure:CodelistAliasRef>AL_VALUE_TYPE</structure:CodelistAliasRef>
						<structure:CodeID>1</structure:CodeID>
					</structure:CodeRef>	              	
					<structure:CodeRef>
						<structure:CodelistAliasRef>AL_GENDER</structure:CodelistAliasRef>
						<structure:CodeID>_ALL</structure:CodeID>
					</structure:CodeRef>
					<structure:CodeRef>
						<structure:CodelistAliasRef>AL_AGROUP</structure:CodelistAliasRef>
						<structure:CodeID>5</structure:CodeID>
					</structure:CodeRef>
					<structure:CodeRef>
						<structure:CodelistAliasRef>AL_GLOCATION</structure:CodelistAliasRef>
						<structure:CodeID>3</structure:CodeID>
					</structure:CodeRef>					
				</structure:CodeRef>		
			</structure:Hierarchy>
			<structure:Hierarchy id="GEOGRAPHIC_PLACE_NAME_HIERARCHY">
				<structure:Name>Geographical Placename Hierarchy</structure:Name>
				<structure:CodeRef>
					<structure:CodelistAliasRef>AL_GEO</structure:CodelistAliasRef>
					<structure:CodeID>00</structure:CodeID>
					<structure:CodeRef>
						<structure:CodelistAliasRef>AL_GEO</structure:CodelistAliasRef>
						<structure:CodeID>CH</structure:CodeID>
						<structure:CodeRef>
							<structure:CodelistAliasRef>AL_GEO</structure:CodelistAliasRef>
							<structure:CodeID>CH-AG</structure:CodeID>							
						</structure:CodeRef>						
						<structure:CodeRef>
							<structure:CodelistAliasRef>AL_GEO</structure:CodelistAliasRef>					
							<structure:CodeID>CH-AR</structure:CodeID>
						</structure:CodeRef>						
						<structure:CodeRef>
							<structure:CodelistAliasRef>AL_GEO</structure:CodelistAliasRef>							
							<structure:CodeID>CH-AI</structure:CodeID>
						</structure:CodeRef>						
						<structure:CodeRef>
							<structure:CodelistAliasRef>AL_GEO</structure:CodelistAliasRef>							
							<structure:CodeID>CH-BL</structure:CodeID>
						</structure:CodeRef>						
						<structure:CodeRef>
							<structure:CodelistAliasRef>AL_GEO</structure:CodelistAliasRef>							
							<structure:CodeID>CH-BS</structure:CodeID>
						</structure:CodeRef>						
						<structure:CodeRef>
							<structure:CodelistAliasRef>AL_GEO</structure:CodelistAliasRef>							
							<structure:CodeID>CH-BE</structure:CodeID>
						</structure:CodeRef>						
						<structure:CodeRef>
							<structure:CodelistAliasRef>AL_GEO</structure:CodelistAliasRef>							
							<structure:CodeID>CH-FR</structure:CodeID>
						</structure:CodeRef>						
						<structure:CodeRef>
							<structure:CodelistAliasRef>AL_GEO</structure:CodelistAliasRef>							
							<structure:CodeID>CH-GE</structure:CodeID>
						</structure:CodeRef>						
						<structure:CodeRef>
							<structure:CodelistAliasRef>AL_GEO</structure:CodelistAliasRef>							
							<structure:CodeID>CH-GL</structure:CodeID>
						</structure:CodeRef>						
						<structure:CodeRef>
							<structure:CodelistAliasRef>AL_GEO</structure:CodelistAliasRef>							
							<structure:CodeID>CH-GR</structure:CodeID>
						</structure:CodeRef>						
						<structure:CodeRef>
							<structure:CodelistAliasRef>AL_GEO</structure:CodelistAliasRef>							
							<structure:CodeID>CH-JU</structure:CodeID>
						</structure:CodeRef>						
						<structure:CodeRef>
							<structure:CodelistAliasRef>AL_GEO</structure:CodelistAliasRef>							
							<structure:CodeID>CH-LU</structure:CodeID>
						</structure:CodeRef>						
						<structure:CodeRef>
							<structure:CodelistAliasRef>AL_GEO</structure:CodelistAliasRef>							
							<structure:CodeID>CH-NE</structure:CodeID>
						</structure:CodeRef>						
						<structure:CodeRef>
							<structure:CodelistAliasRef>AL_GEO</structure:CodelistAliasRef>							
							<structure:CodeID>CH-NW</structure:CodeID>
						</structure:CodeRef>						
						<structure:CodeRef>
							<structure:CodelistAliasRef>AL_GEO</structure:CodelistAliasRef>							
							<structure:CodeID>CH-OW</structure:CodeID>
						</structure:CodeRef>						
						<structure:CodeRef>
							<structure:CodelistAliasRef>AL_GEO</structure:CodelistAliasRef>							
							<structure:CodeID>CH-SG</structure:CodeID>
						</structure:CodeRef>						
						<structure:CodeRef>
							<structure:CodelistAliasRef>AL_GEO</structure:CodelistAliasRef>							
							<structure:CodeID>CH-SH</structure:CodeID>
						</structure:CodeRef>						
						<structure:CodeRef>
							<structure:CodelistAliasRef>AL_GEO</structure:CodelistAliasRef>							
							<structure:CodeID>CH-SZ</structure:CodeID>
						</structure:CodeRef>						
						<structure:CodeRef>
							<structure:CodelistAliasRef>AL_GEO</structure:CodelistAliasRef>							
							<structure:CodeID>CH-SO</structure:CodeID>
						</structure:CodeRef>						
						<structure:CodeRef>
							<structure:CodelistAliasRef>AL_GEO</structure:CodelistAliasRef>							
							<structure:CodeID>CH-TG</structure:CodeID>
						</structure:CodeRef>						
						<structure:CodeRef>
							<structure:CodelistAliasRef>AL_GEO</structure:CodelistAliasRef>							
							<structure:CodeID>CH-TI</structure:CodeID>
						</structure:CodeRef>						
						<structure:CodeRef>
							<structure:CodelistAliasRef>AL_GEO</structure:CodelistAliasRef>							
							<structure:CodeID>CH-UR</structure:CodeID>
						</structure:CodeRef>						
						<structure:CodeRef>
							<structure:CodelistAliasRef>AL_GEO</structure:CodelistAliasRef>							
							<structure:CodeID>CH-VS</structure:CodeID>
						</structure:CodeRef>						
						<structure:CodeRef>
							<structure:CodelistAliasRef>AL_GEO</structure:CodelistAliasRef>							
							<structure:CodeID>CH-VD</structure:CodeID>
						</structure:CodeRef>						
						<structure:CodeRef>
							<structure:CodelistAliasRef>AL_GEO</structure:CodelistAliasRef>							
							<structure:CodeID>CH-ZG</structure:CodeID>
						</structure:CodeRef>						
						<structure:CodeRef>
							<structure:CodelistAliasRef>AL_GEO</structure:CodelistAliasRef>							
							<structure:CodeID>CH-ZH</structure:CodeID>
						</structure:CodeRef>						
					</structure:CodeRef>
				</structure:CodeRef>
			</structure:Hierarchy>
			
			<!-- ADDITIONAL HIERARCHY  GENERATED HERE -->
			
		</structure:HierarchicalCodelist>
	</HierarchicalCodelists>			

	<Concepts>
		
		<!-- COMMON CONCEPT SCHEME'S Externally Referenced -->
		
		<structure:ConceptScheme id="CS_COMMON" agencyID="SDMX-HD" version="1.0" isFinal="true" isExternalReference="true" uri="./COMMON/SDMX-HD/v1.0/conceptschemes/COMMON+SDMX-HD+1.0.xml" >
			<structure:Name>SDMX-HD Common Data Elements</structure:Name>					
		</structure:ConceptScheme>

		<!-- CUSTOM CONCEPT SCHEME'S Inline in the file  -->

		<structure:ConceptScheme id="CS_CUSTOM_WHO" agencyID="WHO" version="1.0" isFinal="true" isExternalReference="true" uri="./CUSTOM/WHO/v1.0/conceptschemes/CUSTOM+WHO+1.0.xml" >
			<structure:Name>WHO Custom Data Elements</structure:Name>					
		</structure:ConceptScheme>				

	</Concepts>

	<KeyFamilies>		
		<structure:KeyFamily id="SDMX-HD" agencyID="WHO" version="1.0" isFinal="false">
			<structure:Name xml:lang="en">SDMX-HD</structure:Name>
			<structure:Description xml:lang="en">UN SDMX-HD (Health Domain)</structure:Description>
			<structure:Components>
				
				<!-- DIMENSIONS -->
				
				<!--
					The list of dimensions in this DSD file is built on-the-fly (as the comprehensive list of possible dimensions found in the data keys), from
					- common concepts from the recommended core list of SDMX-HD concepts referenced externally
					- custom agency-specific concepts included inline in this file.					
				-->
				
				<!-- COMMON -->
				
				<structure:Dimension conceptRef="DISEASE" conceptSchemeRef="CS_COMMON" conceptVersion="1.0" 
				conceptSchemeAgency="SDMX-HD" codelist="CL_DISEASE" codelistVersion="1.0" codelistAgency="SDMX-HD" />
				
				<structure:Dimension conceptRef="GEOGRAPHIC_PLACE_NAME" conceptSchemeRef="CS_COMMON" conceptVersion="1.0"
				conceptSchemeAgency="SDMX-HD" codelist="CL_GEOGRAPHIC_PLACE_NAME" codelistVersion="1.0" codelistAgency="SDMX-HD" />
				
				<structure:Dimension conceptRef="ORGANIZATION" conceptSchemeRef="CS_COMMON" conceptVersion="1.0"
				conceptSchemeAgency="SDMX-HD"  codelist="CL_ORGANIZATION" codelistVersion="1.0" codelistAgency="SDMX-HD" />

				<structure:Dimension conceptRef="PROG" conceptSchemeRef="CS_COMMON" conceptVersion="1.0"
				conceptSchemeAgency="SDMX-HD" codelist="CL_PROGRAM" codelistVersion="1.0" codelistAgency="SDMX-HD"/>
				
				<structure:Dimension conceptRef="INDICATOR" conceptSchemeRef="CS_COMMON" conceptVersion="1.0"
				conceptSchemeAgency="SDMX-HD" codelist="CL_INDICATOR" codelistVersion="1.0" codelistAgency="SDMX-HD"/>

				<structure:Dimension conceptRef="VALUE_TYPE" conceptSchemeRef="CS_COMMON" conceptVersion="1.0"
				conceptSchemeAgency="SDMX-HD" codelist="CL_VALUE_TYPE" codelistVersion="1.0" codelistAgency="SDMX-HD"/>
								
				<structure:Dimension conceptRef="GENDER" conceptSchemeRef="CS_COMMON" conceptVersion="1.0" conceptSchemeAgency="SDMX-HD" codelist="CL_GENDER" codelistVersion="1.0" codelistAgency="WHO"/>				
				
				<!-- CUSTOM -->
				
				<structure:Dimension conceptRef="AGROUP" conceptSchemeRef="CS_CUSTOM_WHO" conceptVersion="1.0" conceptSchemeAgency="WHO" codelist="CL_AGROUP" codelistVersion="1.0" codelistAgency="WHO"/>
				<structure:Dimension conceptRef="GLOCATION" conceptSchemeRef="CS_COMMON" conceptVersion="1.0" conceptSchemeAgency="SDMX-HD" codelist="CL_GLOCATION" codelistVersion="1.0" codelistAgency="SDMX-HD"/>
								
				<!-- TIME DIMENSION -->
				
				<structure:TimeDimension conceptRef="TIME_PERIOD" conceptSchemeRef="CS_COMMON" conceptVersion="1.0"
				conceptSchemeAgency="SDMX-HD" codelist="CL_TIME_PERIOD" codelistVersion="1.0" codelistAgency="SDMX-HD" />
				
				<!-- GROUPS -->
				
				<structure:Group id="PROGRAMS" >
					<structure:DimensionRef>PROG</structure:DimensionRef>
				</structure:Group>				
								
				<!-- PRIMARY MEASURE -->
				
				<structure:PrimaryMeasure conceptRef="OBS_VALUE" conceptSchemeRef="CS_COMMON"
					conceptVersion="1.0" conceptSchemeAgency="SDMX-HD">
					<structure:TextFormat textType="Decimal"/>	
				</structure:PrimaryMeasure>			
				
				<!-- Not actually used when exchanging defintion data only, but retained so simplify the number of changes needed when created a DSD for defintion or definition and data  -->
				
				<!-- OBSERVATION -->

				<!-- COMMON -->
				
				<!-- Mandatory  -->
				
				<structure:Attribute conceptRef="DATE_COLLECT" conceptSchemeRef="CS_COMMON" conceptVersion="1.0"
					conceptSchemeAgency="SDMX-HD" attachmentLevel="Observation" assignmentStatus="Mandatory">
					<structure:TextFormat  textType="Date"/>					
				</structure:Attribute>
								
				<!-- Conditional  -->
				
				<!-- CUSTOM -->
				
				<!-- ADD YOUR CUSTOM OBERVATION ATTRIBUTES HERE -->
				
				<!-- SERIES -->
				
				<!-- COMMON -->
				
				<!-- Mandatory  -->
				
				<structure:Attribute conceptRef="REPEATS" conceptSchemeRef="CS_COMMON" conceptVersion="1.0" conceptSchemeAgency="SDMX-HD"
					attachmentLevel="Series" assignmentStatus="Mandatory">
					<!-- 0 = there is no REPEATS limit -->
					<structure:TextFormat  textType="Count"/>
				</structure:Attribute>
				
				<structure:Attribute conceptRef="PERIODICITY" conceptSchemeRef="CS_COMMON" conceptVersion="1.0" conceptSchemeAgency="SDMX-HD"
					codelist="CL_PERIODICITY" codelistVersion="1.0" codelistAgency="SDMX-HD" 				
					attachmentLevel="Series" assignmentStatus="Mandatory">
				</structure:Attribute>

				<structure:Attribute conceptRef="UNIT" conceptSchemeRef="CS_COMMON" conceptVersion="1.0"
					conceptSchemeAgency="SDMX-HD" codelist="CL_UNIT" codelistVersion="1.0" codelistAgency="SDMX-HD" 
					attachmentLevel="Series" assignmentStatus="Mandatory" />
					
				<!-- Conditional  -->
				
				<structure:Attribute conceptRef="SDESIGN" conceptSchemeRef="CS_COMMON" conceptVersion="1.0"
					conceptSchemeAgency="SDMX-HD" attachmentLevel="Series" assignmentStatus="Conditional" >										
					<structure:TextFormat  textType="String" />
				</structure:Attribute>
				
				<structure:Attribute conceptRef="DSOURCE" conceptSchemeRef="CS_COMMON" conceptVersion="1.0" conceptSchemeAgency="SDMX-HD"					
					codelist="CL_DSOURCE" codelistVersion="1.0" codelistAgency="SDMX-HD"
					attachmentLevel="Series" assignmentStatus="Conditional" >
				</structure:Attribute>

				<structure:Attribute conceptRef="DSTYPE" conceptSchemeRef="CS_COMMON" conceptVersion="1.0" conceptSchemeAgency="SDMX-HD"					
					codelist="CL_DSTYPE" codelistVersion="1.0" codelistAgency="SDMX-HD"
					attachmentLevel="Series" assignmentStatus="Conditional" >
				</structure:Attribute>					

				<structure:Attribute conceptRef="SSIZE" conceptSchemeRef="CS_COMMON" conceptVersion="1.0" conceptSchemeAgency="SDMX-HD"									
					attachmentLevel="Series" assignmentStatus="Conditional" >
					<structure:TextFormat  textType="String" />					
				</structure:Attribute>
				
				<structure:Attribute conceptRef="MULT" conceptSchemeRef="CS_COMMON" conceptVersion="1.0" conceptSchemeAgency="SDMX-HD"					
					codelist="CL_MULT" codelistVersion="1.0" codelistAgency="SDMX-HD"
					attachmentLevel="Series" assignmentStatus="Conditional" >
				</structure:Attribute>
							
				<structure:Attribute conceptRef="TSTAT" conceptSchemeRef="CS_COMMON" conceptVersion="1.0" conceptSchemeAgency="SDMX-HD"									
					attachmentLevel="Series" assignmentStatus="Conditional" >
					<structure:TextFormat  textType="String" />					
				</structure:Attribute>				
				
				<structure:Attribute conceptRef="COMMENT_IND" conceptSchemeRef="CS_COMMON" conceptVersion="1.0" conceptSchemeAgency="SDMX-HD"					
					attachmentLevel="Series" assignmentStatus="Conditional" >
					<structure:TextFormat  textType="String" />
				</structure:Attribute>	
				
				<structure:Attribute conceptRef="OPERAND" conceptSchemeRef="CS_COMMON" conceptVersion="1.0"
					conceptSchemeAgency="SDMX-HD" codelist="CL_OPERAND" codelistVersion="1.0" codelistAgency="SDMX-HD" 
					attachmentLevel="Series" assignmentStatus="Conditional" />				
								
				
				<!-- CUSTOM -->
				
				<!-- ADD YOUR CUSTOM SERIES ATTRIBUTES HERE -->
				
				<!-- GROUP -->

				<!-- COMMON -->				
				
				<!-- Mandatory  -->
				
				<!-- Conditional  -->
								
				<structure:Attribute conceptRef="RPERIOD" conceptSchemeRef="CS_COMMON" conceptVersion="1.0"
					conceptSchemeAgency="SDMX-HD" attachmentLevel="Group" assignmentStatus="Conditional" >
					<structure:TextFormat  textType="String" />
				</structure:Attribute>
				
				<structure:Attribute conceptRef="FDATA" conceptSchemeRef="CS_COMMON" conceptVersion="1.0"
					conceptSchemeAgency="SDMX-HD" attachmentLevel="Group" assignmentStatus="Conditional" >
					<structure:TextFormat  textType="Date" />
				</structure:Attribute>
				
				<structure:Attribute conceptRef="LDATA" conceptSchemeRef="CS_COMMON" conceptVersion="1.0"
					conceptSchemeAgency="SDMX-HD" attachmentLevel="Group" assignmentStatus="Conditional" >
					<structure:TextFormat  textType="Date" />
				</structure:Attribute>
				
				<structure:Attribute conceptRef="RDATA" conceptSchemeRef="CS_COMMON" conceptVersion="1.0"
					conceptSchemeAgency="SDMX-HD" attachmentLevel="Group" assignmentStatus="Conditional" >
					<structure:TextFormat  textType="Date" />
				</structure:Attribute>				
				
				<!-- CUSTOM -->
				
				<!-- ADD YOUR CUSTOM GROUP ATTRIBUTES HERE -->
				
				<!-- DATASET -->
				
				<!-- COMMON  -->				
				
				<!-- Mandatory  -->				
				
				<!-- Conditional  -->
								
				<structure:Attribute conceptRef="COMMENT_DATASET" conceptSchemeRef="CS_COMMON" conceptVersion="1.0"
					conceptSchemeAgency="SDMX-HD" attachmentLevel="DataSet" assignmentStatus="Conditional" >
					<structure:TextFormat  textType="String" />
				</structure:Attribute>
				
				<!-- CUSTOM -->
				
				<!-- ADD YOUR CUSTOM DATASET ATTRIBUTES HERE -->				

						
			</structure:Components>
		</structure:KeyFamily>
	</KeyFamilies>

</Structure>
