<?xml version="1.0" encoding="UTF-8"?><?xml-stylesheet type="text/xsl" href="codelist.xsl"?>
<Structure xmlns="http://www.SDMX.org/resources/SDMXML/schemas/v2_0/message" xmlns:structure="http://www.SDMX.org/resources/SDMXML/schemas/v2_0/structure" xmlns:xsi="http://www.w3.org/2001/XMLSchema-instance" xsi:schemaLocation="http://www.SDMX.org/resources/SDMXML/schemas/v2_0/message SDMXMessage.xsd">
  <Header>
    <ID>SDMX-HD-DSD</ID>
    <Test>false</Test>
    <Truncated>false</Truncated>
    <Name xml:lang="en">SDMX Health Domain</Name>
    <Prepared>2009-03-20</Prepared>
    <Sender id="SDMX-HD">
      <Name>SDMX-HD Health Domain</Name>
      <Contact>
        <Name xml:lang="en">Patrick Whitaker</Name>
        <Department>Health Care Informatics</Department>
        <Telephone>+41.22.791.1372</Telephone>
        <Email>whitakerp@who.int</Email>
      </Contact>
    </Sender>
    <Extracted>2009-03-20T13:03:46</Extracted>
  </Header>
  <CodeLists>
    <structure:CodeList id="CL_ASOURCE" agencyID="WHO" version="1.0" isFinal="false" urn="urn:sdmx:org.sdmx.infomodel.codelist.CodeList=WHO:CL_ASOURCE[1.0]">
      <structure:Name xml:lang="en">Administrative Source</structure:Name>
      <structure:Description xml:lang="en">Administrative source or name of initiative.</structure:Description>
      <structure:Code value="1"  urn="urn:sdmx:org.sdmx.infomodel.codelist.Code=SDMX-HD:CL_ASOURCE[1.0].1">
        <structure:Description xml:lang="en">3 by 5</structure:Description>
      </structure:Code>
      <structure:Code value="2"  urn="urn:sdmx:org.sdmx.infomodel.codelist.Code=SDMX-HD:CL_ASOURCE[1.0].2">
        <structure:Description xml:lang="en">Millenium Development Goals (MDG)</structure:Description>
      </structure:Code>
      <structure:Code value="3"  urn="urn:sdmx:org.sdmx.infomodel.codelist.Code=SDMX-HD:CL_ASOURCE[1.0].3">
        <structure:Description xml:lang="en">US President's Emergency Plan for AIDS Relief (PEPFAR)</structure:Description>
      </structure:Code>
      <structure:Code value="4"  urn="urn:sdmx:org.sdmx.infomodel.codelist.Code=SDMX-HD:CL_ASOURCE[1.0].4">
        <structure:Description xml:lang="en">United Nations General Assembly Special Session on HIV/AIDS (UNGASS)</structure:Description>
      </structure:Code>
      <structure:Code value="5"  urn="urn:sdmx:org.sdmx.infomodel.codelist.Code=SDMX-HD:CL_ASOURCE[1.0].5">
        <structure:Description xml:lang="en">Universal Access (UA)</structure:Description>
      </structure:Code>
      <structure:Code value="_NA"  urn="urn:sdmx:org.sdmx.infomodel.codelist.Code=SDMX-HD:CL_ASOURCE[1.0]._NA">
        <structure:Description xml:lang="en">Not Applicable</structure:Description>
      </structure:Code>
      <structure:Code value="_UNK"  urn="urn:sdmx:org.sdmx.infomodel.codelist.Code=SDMX-HD:CL_ASOURCE[1.0]._UNK">
        <structure:Description xml:lang="en">Unknown</structure:Description>
      </structure:Code>
    </structure:CodeList>
  </CodeLists>
</Structure>

