﻿<?xml version="1.0" encoding="UTF-8"?><?xml-stylesheet type="text/xsl" href="codelist.xsl"?>
<Structure xmlns="http://www.SDMX.org/resources/SDMXML/schemas/v2_0/message" xmlns:structure="http://www.SDMX.org/resources/SDMXML/schemas/v2_0/structure" xmlns:xsi="http://www.w3.org/2001/XMLSchema-instance" xsi:schemaLocation="http://www.SDMX.org/resources/SDMXML/schemas/v2_0/message SDMXMessage.xsd">
  <Header>
    <ID>SDMX-HD-DSD</ID>
    <Test>false</Test>
    <Truncated>false</Truncated>
    <Name xml:lang="en">SDMX Health Domain</Name>
    <Prepared>2009-03-20</Prepared>
    <Sender id="SDMX-HD">
      <Name>SDMX-HD Health Domain</Name>
      <Contact>
        <Name xml:lang="en">Patrick Whitaker</Name>
        <Department>Health Care Informatics</Department>
        <Telephone>+41.22.791.1372</Telephone>
        <Email>whitakerp@who.int</Email>
      </Contact>
    </Sender>
    <Extracted>2009-03-20T13:03:46</Extracted>
  </Header>
  <CodeLists>
    <structure:CodeList id="CL_DSOURCE" agencyID="WHO" version="1.0" isFinal="false" urn="urn:sdmx:org.sdmx.infomodel.codelist.CodeList=WHO:CL_DSOURCE[1.0]">
      <structure:Name xml:lang="en">Data Source</structure:Name>
      <structure:Description xml:lang="en">Data source.</structure:Description>
      <structure:Code value="1" urn="urn:sdmx:org.sdmx.infomodel.codelist.Code=WHO:CL_DSOURCE[1.0].1">
        <structure:Description xml:lang="en">AIDS Indicator Survey (AIS)</structure:Description>
      </structure:Code>
      <structure:Code value="2" urn="urn:sdmx:org.sdmx.infomodel.codelist.Code=WHO:CL_DSOURCE[1.0].2">
        <structure:Description xml:lang="en">Service Provision Assessment (SPA)</structure:Description>
      </structure:Code>
      <structure:Code value="3" urn="urn:sdmx:org.sdmx.infomodel.codelist.Code=WHO:CL_DSOURCE[1.0].3">
        <structure:Description xml:lang="en">Behavioural Surveillance Survey (BSS)</structure:Description>
      </structure:Code>
      <structure:Code value="4" urn="urn:sdmx:org.sdmx.infomodel.codelist.Code=WHO:CL_DSOURCE[1.0].4">
        <structure:Description xml:lang="en">Demographic and Health Survey (DHS)</structure:Description>
      </structure:Code>
      <structure:Code value="5" urn="urn:sdmx:org.sdmx.infomodel.codelist.Code=WHO:CL_DSOURCE[1.0].5">
        <structure:Description xml:lang="en">Framework for Assessment, Monitoring and Evaluation of blood transfusion services (FRAME) Tool</structure:Description>
      </structure:Code>
      <structure:Code value="6" urn="urn:sdmx:org.sdmx.infomodel.codelist.Code=WHO:CL_DSOURCE[1.0].6">
        <structure:Description xml:lang="en">Key Indicator Survey (KIS)</structure:Description>
      </structure:Code>
      <structure:Code value="7" urn="urn:sdmx:org.sdmx.infomodel.codelist.Code=WHO:CL_DSOURCE[1.0].7">
        <structure:Description xml:lang="en">Multiple Indicator Cluster Survey (MICS)</structure:Description>
      </structure:Code>
      <structure:Code value="8" urn="urn:sdmx:org.sdmx.infomodel.codelist.Code=WHO:CL_DSOURCE[1.0].8">
        <structure:Description xml:lang="en">National AIDS Spending Assessment (NASA)</structure:Description>
      </structure:Code>
      <structure:Code value="9" urn="urn:sdmx:org.sdmx.infomodel.codelist.Code=WHO:CL_DSOURCE[1.0].9">
        <structure:Description xml:lang="en">Resource Flow Survey</structure:Description>
      </structure:Code>
      <structure:Code value="10" urn="urn:sdmx:org.sdmx.infomodel.codelist.Code=WHO:CL_DSOURCE[1.0].10">
        <structure:Description xml:lang="en">Sample Vital Registration with Verbal Autopsy (SAVVY)</structure:Description>
      </structure:Code>
    </structure:CodeList>
  </CodeLists>
</Structure>

