﻿<?xml version="1.0" encoding="UTF-8"?>
<Structure xmlns="http://www.SDMX.org/resources/SDMXML/schemas/v2_0/message" xmlns:structure="http://www.SDMX.org/resources/SDMXML/schemas/v2_0/structure" xmlns:xsi="http://www.w3.org/2001/XMLSchema-instance" xsi:schemaLocation="http://www.SDMX.org/resources/SDMXML/schemas/v2_0/message SDMXMessage.xsd">
  <Header>
    <ID>SDMX-HD-DSD</ID>
    <Test>false</Test>
    <Truncated>false</Truncated>
    <Name xml:lang="en">SDMX Health Domain</Name>
    <Prepared>2009-03-20</Prepared>
    <Sender id="SDMX-HD">
      <Name>SDMX-HD Health Domain</Name>
      <Contact>
        <Name xml:lang="en">Patrick Whitaker</Name>
        <Department>Health Care Informatics</Department>
        <Telephone>+41.22.791.1372</Telephone>
        <Email>whitakerp@who.int</Email>
      </Contact>
    </Sender>
    <Extracted>2009-03-20T13:03:46</Extracted>
  </Header>
  <Concepts>
    <structure:ConceptScheme id="CS_CUSTOM_USG" agencyID="USG" version="1.0" isFinal="true">
      <structure:Name xml:lang="en">USG Custom Data Elements</structure:Name>
      <structure:Description xml:lang="en">This Concept Scheme contains un-harmonized data elements.</structure:Description>
      <structure:Concept id="BCAT" agencyID="USG" version="1.0" coreRepresentation="CL_BUDGET_CAT" coreRepresentationAgency="USG" urn="urn:sdmx:org.sdmx.infomodel.conceptscheme.Concept=USG:CS_CUSTOM_USG[1.0].BCAT">
        <structure:Name xml:lang="en">Budget Category</structure:Name>
        <structure:Description xml:lang="en">Budget Category</structure:Description>
      </structure:Concept>	  
      <structure:Concept id="DIRECT" agencyID="USG" version="1.0" coreRepresentation="CL_DIRECT" coreRepresentationAgency="USG" urn="urn:sdmx:org.sdmx.infomodel.conceptscheme.Concept=USG:CS_CUSTOM_USG[1.0].DIRECT">
        <structure:Name xml:lang="en">Direct</structure:Name>
        <structure:Description xml:lang="en">Primary or supplemental direct contribution.</structure:Description>
      </structure:Concept>
      <structure:Concept id="EAREA"  agencyID="USG" version="1.0" coreRepresentation="CL_EAREA" coreRepresentationAgency="USG" urn="urn:sdmx:org.sdmx.infomodel.conceptscheme.Concept=USG:CS_CUSTOM_USG[1.0].EAREA">
        <structure:Name xml:lang="en">Emphasis Area</structure:Name>
        <structure:Description xml:lang="en">Emphasis Area.</structure:Description>
      </structure:Concept>
      <structure:Concept id="FMECH"  agencyID="USG" version="1.0" coreRepresentation="CL_FMECH" coreRepresentationAgency="USG" urn="urn:sdmx:org.sdmx.infomodel.conceptscheme.Concept=USG:CS_CUSTOM_USG[1.0].FMECH">
        <structure:Name xml:lang="en">Funding Mechanism</structure:Name>
        <structure:Description xml:lang="en">Funding mechanism.</structure:Description>
      </structure:Concept>
      <structure:Concept id="LISSUE"  agencyID="USG" version="1.0" coreRepresentation="CL_LISSUE" coreRepresentationAgency="USG" urn="urn:sdmx:org.sdmx.infomodel.conceptscheme.Concept=USG:CS_CUSTOM_USG[1.0].LISSUE">
        <structure:Name xml:lang="en">Key Legislative Issue</structure:Name>
        <structure:Description xml:lang="en">Key legislative issue.</structure:Description>
      </structure:Concept>
      <structure:Concept id="OSTATUS"  agencyID="USG" version="1.0" coreRepresentation="CL_OSTATUS" coreRepresentationAgency="USG" urn="urn:sdmx:org.sdmx.infomodel.conceptscheme.Concept=USG:CS_CUSTOM_USG[1.0].OSTATUS">
        <structure:Name xml:lang="en">Organization Status</structure:Name>
        <structure:Description xml:lang="en">Local or non-local organization status.</structure:Description>
      </structure:Concept>
      <structure:Concept id="OTYPE"  agencyID="USG" version="1.0" coreRepresentation="CL_OTYPE" coreRepresentationAgency="USG" urn="urn:sdmx:org.sdmx.infomodel.conceptscheme.Concept=USG:CS_CUSTOM_USG[1.0].OTYPE">
        <structure:Name xml:lang="en">Organization Type</structure:Name>
        <structure:Description xml:lang="en">Organization type.</structure:Description>
      </structure:Concept>
      <structure:Concept id="VCONTRIB"  agencyID="USG" version="1.0" coreRepresentation="CL_VALUE_CONTRIBUTION" coreRepresentationAgency="USG" urn="urn:sdmx:org.sdmx.infomodel.conceptscheme.Concept=USG:CS_CUSTOM_USG[1.0].VCONTRIB">
        <structure:Name xml:lang="en">Value Contribution</structure:Name>
        <structure:Description xml:lang="en">Formally DIRECT for downstream and INDIRECT for upstream. This represents the value which contributes directly to these streams</structure:Description>
      </structure:Concept>
      <structure:Concept id="APPLICABILITY"  agencyID="USG" version="1.0" urn="urn:sdmx:org.sdmx.infomodel.conceptscheme.Concept=USG:CS_CUSTOM_USG[1.0].APPLICABILITY">
        <structure:Name xml:lang="en">Applicability</structure:Name>
        <structure:Description xml:lang="en"></structure:Description>
      </structure:Concept>
      <structure:Concept id="BUDGET_CODE"  agencyID="USG" version="1.0" urn="urn:sdmx:org.sdmx.infomodel.conceptscheme.Concept=USG:CS_CUSTOM_USG[1.0].BUDGET_CODE">
        <structure:Name xml:lang="en">Budget Code</structure:Name>
        <structure:Description xml:lang="en"></structure:Description>
      </structure:Concept>
      <structure:Concept id="TECHNICAL_AREA"  agencyID="USG" version="1.0" urn="urn:sdmx:org.sdmx.infomodel.conceptscheme.Concept=USG:CS_CUSTOM_USG[1.0].TECHNICAL_AREA">
        <structure:Name xml:lang="en">Technical Area</structure:Name>
        <structure:Description xml:lang="en"></structure:Description>
      </structure:Concept>
    </structure:ConceptScheme>
  </Concepts>
</Structure>

