﻿<?xml version="1.0" encoding="utf-8"?>
<Structure xmlns="http://www.SDMX.org/resources/SDMXML/schemas/v2_0/message">
  <Header>
    <ID>SDMX-HD-DSD</ID>
    <Test>false</Test>
    <Truncated>false</Truncated>
    <Name>SDMX Health Domain</Name>
    <Prepared>2009-10-30</Prepared>
    <Sender id="WHO_IMR">
      <Name>WHO Indicator and Metadata Registry</Name>
      <Contact>
        <Name>Patrick Whitaker</Name>
        <Department>Halth Care Informatics</Department>
        <Telephone>+41.22.791.1372</Telephone>
        <Email>whitakerp@who.int</Email>
      </Contact>
    </Sender>
    <Extracted>2009-10-30T14:14:45</Extracted>
  </Header>
  <CodeLists>
    <CodeList id="CL_TIME_PERIOD" agencyID="SDMX-HD" version="1.0" isFinal="false" urn="urn:sdmx:org.sdmx.infomodel.codelist=SDMX-HD:CL_TIME_PERIOD" xmlns="http://www.SDMX.org/resources/SDMXML/schemas/v2_0/structure">
      <Name xml:lang="en">Time Period</Name>
      <Description xml:lang="en">
        This is a placeholder codelist: populate it with time periods referenced by the indicator data.
        CL_TIME_PERIOD contents is constructed according to specific rules based on CL_DAY, CL_WEEK, CL_MONTH, CL_QUARTER and CL_YEAR.
        These rules must be followed to prevent the need for custom parsing of time periods.</Description>
    </CodeList>
  </CodeLists>
</Structure>