<?xml version="1.0" encoding="UTF-8"?><?xml-stylesheet type="text/xsl" href="hierarchies.xsl"?>
<Structure xmlns:xsi="http://www.w3.org/2001/XMLSchema-instance"
    xsi:schemaLocation="http://www.SDMX.org/resources/SDMXML/schemas/v2_0/message SDMXMessage.xsd"
    xmlns="http://www.SDMX.org/resources/SDMXML/schemas/v2_0/message"
    xmlns:structure="http://www.SDMX.org/resources/SDMXML/schemas/v2_0/structure">	
    <Header>
        <ID>SDMX-HD-DSD</ID>
        <Test>false</Test>
        <Truncated>false</Truncated>
        <Name xml:lang="en">SDMX Health Domain</Name>
        <Prepared>2009-03-20</Prepared>
        <Sender id="SenderSystemIdentification">
            <Name>Sender System Name</Name>
            <Contact>
                <Name xml:lang="en">Contact Name</Name>
                <Department>Agency Department Name</Department>
                <Telephone>+00.0000.0000</Telephone>
                <Email>user@host.com</Email>
            </Contact>
        </Sender>
        <Extracted>2009-03-20T13:03:46</Extracted>
    </Header>
    <HierarchicalCodelists>
    	<structure:HierarchicalCodelist id="HCL_COMMON_HY_UNIT" version="1.0" isFinal="true" agencyID="SDMX-HD" urn="urn:sdmx:org.sdmx.infomodel.hierarchicalcodelist.HierarchicalCodelist=SDMX-HD:HCL_COMMON_HY_UNIT[1.0]"   >		
		<structure:Name xml:lang="en">SDMX-HD UNIT HIERARCHY</structure:Name>
		<structure:Description xml:lang="en">Unit of Measure Hierarchy</structure:Description>		
    	<structure:CodelistRef>
    		<structure:AgencyID>SDMX-HD</structure:AgencyID>
    		<structure:CodelistID>CL_UNIT</structure:CodelistID>
    		<structure:Version>1.0</structure:Version>
    		<structure:Alias>AL_UNIT</structure:Alias>
    	</structure:CodelistRef>
    	<structure:CodelistRef>
    		<structure:AgencyID>SDMX-HD</structure:AgencyID>
    		<structure:CodelistID>CL_UNIT_GROUP</structure:CodelistID>
    		<structure:Version>1.0</structure:Version>
    		<structure:Alias>AL_UNIT_GROUP</structure:Alias>
    	</structure:CodelistRef>		
		<structure:Hierarchy id="HY_UNIT">
			<structure:Name>Unit of Measure to Mesure Units (Distance, Weight) Hierarchy</structure:Name>
				<!-- CURRENCY -->				
				<structure:CodeRef>
					<structure:CodelistAliasRef>AL_UNIT_GROUP</structure:CodelistAliasRef>
					<structure:CodeID>1</structure:CodeID>				
					<structure:CodeRef>
						<structure:CodelistAliasRef>AL_UNIT</structure:CodelistAliasRef>
						<structure:CodeID>AFN</structure:CodeID>						
					</structure:CodeRef>
					<structure:CodeRef>
						<structure:CodelistAliasRef>AL_UNIT</structure:CodelistAliasRef>
						<structure:CodeID>DZD</structure:CodeID>
					</structure:CodeRef>
					<structure:CodeRef>
						<structure:CodelistAliasRef>AL_UNIT</structure:CodelistAliasRef>
						<structure:CodeID>ARS</structure:CodeID>
					</structure:CodeRef>					
					<structure:CodeRef>
						<structure:CodelistAliasRef>AL_UNIT</structure:CodelistAliasRef>
						<structure:CodeID>AMD</structure:CodeID>
					</structure:CodeRef>					
					<structure:CodeRef>
						<structure:CodelistAliasRef>AL_UNIT</structure:CodelistAliasRef>
						<structure:CodeID>AWG</structure:CodeID>
					</structure:CodeRef>					
					<structure:CodeRef>
						<structure:CodelistAliasRef>AL_UNIT</structure:CodelistAliasRef>
						<structure:CodeID>AUD</structure:CodeID>
					</structure:CodeRef>					
					<structure:CodeRef>
						<structure:CodelistAliasRef>AL_UNIT</structure:CodelistAliasRef>
						<structure:CodeID>AZN</structure:CodeID>
					</structure:CodeRef>					
					<structure:CodeRef>
						<structure:CodelistAliasRef>AL_UNIT</structure:CodelistAliasRef>
						<structure:CodeID>BSD</structure:CodeID>
					</structure:CodeRef>					
					<structure:CodeRef>
						<structure:CodelistAliasRef>AL_UNIT</structure:CodelistAliasRef>
						<structure:CodeID>BHD</structure:CodeID>
					</structure:CodeRef>					
					<structure:CodeRef>
						<structure:CodelistAliasRef>AL_UNIT</structure:CodelistAliasRef>
						<structure:CodeID>THB</structure:CodeID>
					</structure:CodeRef>					
					<structure:CodeRef>
						<structure:CodelistAliasRef>AL_UNIT</structure:CodelistAliasRef>
						<structure:CodeID>PAB</structure:CodeID>
					</structure:CodeRef>					
					<structure:CodeRef>
						<structure:CodelistAliasRef>AL_UNIT</structure:CodelistAliasRef>
						<structure:CodeID>BBD</structure:CodeID>
					</structure:CodeRef>					
					<structure:CodeRef>
						<structure:CodelistAliasRef>AL_UNIT</structure:CodelistAliasRef>
						<structure:CodeID>BYR</structure:CodeID>
					</structure:CodeRef>					
					<structure:CodeRef>
						<structure:CodelistAliasRef>AL_UNIT</structure:CodelistAliasRef>
						<structure:CodeID>BZD</structure:CodeID>
					</structure:CodeRef>					
					<structure:CodeRef>
						<structure:CodelistAliasRef>AL_UNIT</structure:CodelistAliasRef>
						<structure:CodeID>BMD</structure:CodeID>
					</structure:CodeRef>					
					<structure:CodeRef>
						<structure:CodelistAliasRef>AL_UNIT</structure:CodelistAliasRef>
						<structure:CodeID>VEF</structure:CodeID>
					</structure:CodeRef>					
					<structure:CodeRef>
						<structure:CodelistAliasRef>AL_UNIT</structure:CodelistAliasRef>
						<structure:CodeID>BOB</structure:CodeID>
					</structure:CodeRef>					
					<structure:CodeRef>
						<structure:CodelistAliasRef>AL_UNIT</structure:CodelistAliasRef>
						<structure:CodeID>XBA</structure:CodeID>
					</structure:CodeRef>					
					<structure:CodeRef>
						<structure:CodelistAliasRef>AL_UNIT</structure:CodelistAliasRef>
						<structure:CodeID>BRL</structure:CodeID>
					</structure:CodeRef>					
					<structure:CodeRef>
						<structure:CodelistAliasRef>AL_UNIT</structure:CodelistAliasRef>
						<structure:CodeID>BND</structure:CodeID>
					</structure:CodeRef>					
					<structure:CodeRef>
						<structure:CodelistAliasRef>AL_UNIT</structure:CodelistAliasRef>
						<structure:CodeID>BGN</structure:CodeID>
					</structure:CodeRef>					
					<structure:CodeRef>
						<structure:CodelistAliasRef>AL_UNIT</structure:CodelistAliasRef>
						<structure:CodeID>BIF</structure:CodeID>
					</structure:CodeRef>					
					<structure:CodeRef>
						<structure:CodelistAliasRef>AL_UNIT</structure:CodelistAliasRef>
						<structure:CodeID>CAD</structure:CodeID>
					</structure:CodeRef>					
					<structure:CodeRef>
						<structure:CodelistAliasRef>AL_UNIT</structure:CodelistAliasRef>
						<structure:CodeID>CVE</structure:CodeID>
					</structure:CodeRef>					
					<structure:CodeRef>
						<structure:CodelistAliasRef>AL_UNIT</structure:CodelistAliasRef>
						<structure:CodeID>KYD</structure:CodeID>
					</structure:CodeRef>					
					<structure:CodeRef>
						<structure:CodelistAliasRef>AL_UNIT</structure:CodelistAliasRef>
						<structure:CodeID>GHS</structure:CodeID>
					</structure:CodeRef>					
					<structure:CodeRef>
						<structure:CodelistAliasRef>AL_UNIT</structure:CodelistAliasRef>
						<structure:CodeID>XOF</structure:CodeID>
					</structure:CodeRef>					
					<structure:CodeRef>
						<structure:CodelistAliasRef>AL_UNIT</structure:CodelistAliasRef>
						<structure:CodeID>XAF</structure:CodeID>
					</structure:CodeRef>					
					<structure:CodeRef>
						<structure:CodelistAliasRef>AL_UNIT</structure:CodelistAliasRef>
						<structure:CodeID>XPF</structure:CodeID>
					</structure:CodeRef>					
					<structure:CodeRef>
						<structure:CodelistAliasRef>AL_UNIT</structure:CodelistAliasRef>
						<structure:CodeID>CLP</structure:CodeID>
					</structure:CodeRef>					
					<structure:CodeRef>
						<structure:CodelistAliasRef>AL_UNIT</structure:CodelistAliasRef>
						<structure:CodeID>XTS</structure:CodeID>
					</structure:CodeRef>					
					<structure:CodeRef>
						<structure:CodelistAliasRef>AL_UNIT</structure:CodelistAliasRef>
						<structure:CodeID>COP</structure:CodeID>
					</structure:CodeRef>					
					<structure:CodeRef>
						<structure:CodelistAliasRef>AL_UNIT</structure:CodelistAliasRef>
						<structure:CodeID>KMF</structure:CodeID>
					</structure:CodeRef>					
					<structure:CodeRef>
						<structure:CodelistAliasRef>AL_UNIT</structure:CodelistAliasRef>
						<structure:CodeID>BAM</structure:CodeID>
					</structure:CodeRef>
					<structure:CodeRef>
						<structure:CodelistAliasRef>AL_UNIT</structure:CodelistAliasRef>
						<structure:CodeID>NIO</structure:CodeID>
					</structure:CodeRef>
					<structure:CodeRef>
						<structure:CodelistAliasRef>AL_UNIT</structure:CodelistAliasRef>
						<structure:CodeID>CRC</structure:CodeID>
					</structure:CodeRef>
					<structure:CodeRef>
						<structure:CodelistAliasRef>AL_UNIT</structure:CodelistAliasRef>
						<structure:CodeID>HRK</structure:CodeID>
					</structure:CodeRef>
					<structure:CodeRef>
						<structure:CodelistAliasRef>AL_UNIT</structure:CodelistAliasRef>
						<structure:CodeID>CUP</structure:CodeID>
					</structure:CodeRef>
					<structure:CodeRef>
						<structure:CodelistAliasRef>AL_UNIT</structure:CodelistAliasRef>
						<structure:CodeID>CZK</structure:CodeID>
					</structure:CodeRef>
					<structure:CodeRef>
						<structure:CodelistAliasRef>AL_UNIT</structure:CodelistAliasRef>
						<structure:CodeID>GMD</structure:CodeID>
					</structure:CodeRef>
					<structure:CodeRef>
						<structure:CodelistAliasRef>AL_UNIT</structure:CodelistAliasRef>
						<structure:CodeID>DKK</structure:CodeID>
					</structure:CodeRef>
					<structure:CodeRef>
						<structure:CodelistAliasRef>AL_UNIT</structure:CodelistAliasRef>
						<structure:CodeID>MKD</structure:CodeID>
					</structure:CodeRef>
					<structure:CodeRef>
						<structure:CodelistAliasRef>AL_UNIT</structure:CodelistAliasRef>
						<structure:CodeID>DJF</structure:CodeID>
					</structure:CodeRef>
					<structure:CodeRef>
						<structure:CodelistAliasRef>AL_UNIT</structure:CodelistAliasRef>
						<structure:CodeID>STD</structure:CodeID>
					</structure:CodeRef>
					<structure:CodeRef>
						<structure:CodelistAliasRef>AL_UNIT</structure:CodelistAliasRef>
						<structure:CodeID>DOP</structure:CodeID>
					</structure:CodeRef>
					<structure:CodeRef>
						<structure:CodelistAliasRef>AL_UNIT</structure:CodelistAliasRef>
						<structure:CodeID>VND</structure:CodeID>
					</structure:CodeRef>
					<structure:CodeRef>
						<structure:CodelistAliasRef>AL_UNIT</structure:CodelistAliasRef>
						<structure:CodeID>XCD</structure:CodeID>
					</structure:CodeRef>
					<structure:CodeRef>
						<structure:CodelistAliasRef>AL_UNIT</structure:CodelistAliasRef>
						<structure:CodeID>EGP</structure:CodeID>
					</structure:CodeRef>
					<structure:CodeRef>
						<structure:CodelistAliasRef>AL_UNIT</structure:CodelistAliasRef>
						<structure:CodeID>SVC</structure:CodeID>
					</structure:CodeRef>
					<structure:CodeRef>
						<structure:CodelistAliasRef>AL_UNIT</structure:CodelistAliasRef>
						<structure:CodeID>ETB</structure:CodeID>
					</structure:CodeRef>
					<structure:CodeRef>
						<structure:CodelistAliasRef>AL_UNIT</structure:CodelistAliasRef>
						<structure:CodeID>EUR</structure:CodeID>
					</structure:CodeRef>
					<structure:CodeRef>
						<structure:CodelistAliasRef>AL_UNIT</structure:CodelistAliasRef>
						<structure:CodeID>XBB</structure:CodeID>
					</structure:CodeRef>
					<structure:CodeRef>
						<structure:CodelistAliasRef>AL_UNIT</structure:CodelistAliasRef>
						<structure:CodeID>XBD</structure:CodeID>
					</structure:CodeRef>
					<structure:CodeRef>
						<structure:CodelistAliasRef>AL_UNIT</structure:CodelistAliasRef>
						<structure:CodeID>XBC</structure:CodeID>
					</structure:CodeRef>
					<structure:CodeRef>
						<structure:CodelistAliasRef>AL_UNIT</structure:CodelistAliasRef>
						<structure:CodeID>FKP</structure:CodeID>
					</structure:CodeRef>
					<structure:CodeRef>
						<structure:CodelistAliasRef>AL_UNIT</structure:CodelistAliasRef>
						<structure:CodeID>FJD</structure:CodeID>
					</structure:CodeRef>
					<structure:CodeRef>
						<structure:CodelistAliasRef>AL_UNIT</structure:CodelistAliasRef>
						<structure:CodeID>HUF</structure:CodeID>
					</structure:CodeRef>
					<structure:CodeRef>
						<structure:CodelistAliasRef>AL_UNIT</structure:CodelistAliasRef>
						<structure:CodeID>CDF</structure:CodeID>
					</structure:CodeRef>
					<structure:CodeRef>
						<structure:CodelistAliasRef>AL_UNIT</structure:CodelistAliasRef>
						<structure:CodeID>GIP</structure:CodeID>
					</structure:CodeRef>
					<structure:CodeRef>
						<structure:CodelistAliasRef>AL_UNIT</structure:CodelistAliasRef>
						<structure:CodeID>XAU</structure:CodeID>
					</structure:CodeRef>
					<structure:CodeRef>
						<structure:CodelistAliasRef>AL_UNIT</structure:CodelistAliasRef>
						<structure:CodeID>HTG</structure:CodeID>
					</structure:CodeRef>
					<structure:CodeRef>
						<structure:CodelistAliasRef>AL_UNIT</structure:CodelistAliasRef>
						<structure:CodeID>PYG</structure:CodeID>
					</structure:CodeRef>
					<structure:CodeRef>
						<structure:CodelistAliasRef>AL_UNIT</structure:CodelistAliasRef>
						<structure:CodeID>GNF</structure:CodeID>
					</structure:CodeRef>
					<structure:CodeRef>
						<structure:CodelistAliasRef>AL_UNIT</structure:CodelistAliasRef>
						<structure:CodeID>GWP</structure:CodeID>
					</structure:CodeRef>
					<structure:CodeRef>
						<structure:CodelistAliasRef>AL_UNIT</structure:CodelistAliasRef>
						<structure:CodeID>GYD</structure:CodeID>
					</structure:CodeRef>
					<structure:CodeRef>
						<structure:CodelistAliasRef>AL_UNIT</structure:CodelistAliasRef>
						<structure:CodeID>HKD</structure:CodeID>
					</structure:CodeRef>
					<structure:CodeRef>
						<structure:CodelistAliasRef>AL_UNIT</structure:CodelistAliasRef>
						<structure:CodeID>UAH</structure:CodeID>
					</structure:CodeRef>
					<structure:CodeRef>
						<structure:CodelistAliasRef>AL_UNIT</structure:CodelistAliasRef>
						<structure:CodeID>ISK</structure:CodeID>
					</structure:CodeRef>
					<structure:CodeRef>
						<structure:CodelistAliasRef>AL_UNIT</structure:CodelistAliasRef>
						<structure:CodeID>INR</structure:CodeID>
					</structure:CodeRef>
					<structure:CodeRef>
						<structure:CodelistAliasRef>AL_UNIT</structure:CodelistAliasRef>
						<structure:CodeID>IRR</structure:CodeID>
					</structure:CodeRef>
					<structure:CodeRef>
						<structure:CodelistAliasRef>AL_UNIT</structure:CodelistAliasRef>
						<structure:CodeID>IQD</structure:CodeID>
					</structure:CodeRef>
					<structure:CodeRef>
						<structure:CodelistAliasRef>AL_UNIT</structure:CodelistAliasRef>
						<structure:CodeID>JMD</structure:CodeID>
					</structure:CodeRef>
					<structure:CodeRef>
						<structure:CodelistAliasRef>AL_UNIT</structure:CodelistAliasRef>
						<structure:CodeID>JOD</structure:CodeID>
					</structure:CodeRef>
					<structure:CodeRef>
						<structure:CodelistAliasRef>AL_UNIT</structure:CodelistAliasRef>
						<structure:CodeID>KES</structure:CodeID>
					</structure:CodeRef>
					<structure:CodeRef>
						<structure:CodelistAliasRef>AL_UNIT</structure:CodelistAliasRef>
						<structure:CodeID>PGK</structure:CodeID>
					</structure:CodeRef>
					<structure:CodeRef>
						<structure:CodelistAliasRef>AL_UNIT</structure:CodelistAliasRef>
						<structure:CodeID>LAK</structure:CodeID>
					</structure:CodeRef>
					<structure:CodeRef>
						<structure:CodelistAliasRef>AL_UNIT</structure:CodelistAliasRef>
						<structure:CodeID>EEK</structure:CodeID>
					</structure:CodeRef>
					<structure:CodeRef>
						<structure:CodelistAliasRef>AL_UNIT</structure:CodelistAliasRef>
						<structure:CodeID>KWD</structure:CodeID>
					</structure:CodeRef>
					<structure:CodeRef>
						<structure:CodelistAliasRef>AL_UNIT</structure:CodelistAliasRef>
						<structure:CodeID>MWK</structure:CodeID>
					</structure:CodeRef>
					<structure:CodeRef>
						<structure:CodelistAliasRef>AL_UNIT</structure:CodelistAliasRef>
						<structure:CodeID>AOA</structure:CodeID>
					</structure:CodeRef>
					<structure:CodeRef>
						<structure:CodelistAliasRef>AL_UNIT</structure:CodelistAliasRef>
						<structure:CodeID>MMK</structure:CodeID>
					</structure:CodeRef>
					<structure:CodeRef>
						<structure:CodelistAliasRef>AL_UNIT</structure:CodelistAliasRef>
						<structure:CodeID>GEL</structure:CodeID>
					</structure:CodeRef>
					<structure:CodeRef>
						<structure:CodelistAliasRef>AL_UNIT</structure:CodelistAliasRef>
						<structure:CodeID>LVL</structure:CodeID>
					</structure:CodeRef>
					<structure:CodeRef>
						<structure:CodelistAliasRef>AL_UNIT</structure:CodelistAliasRef>
						<structure:CodeID>LBP</structure:CodeID>
					</structure:CodeRef>
					<structure:CodeRef>
						<structure:CodelistAliasRef>AL_UNIT</structure:CodelistAliasRef>
						<structure:CodeID>ALL</structure:CodeID>
					</structure:CodeRef>
					<structure:CodeRef>
						<structure:CodelistAliasRef>AL_UNIT</structure:CodelistAliasRef>
						<structure:CodeID>HNL</structure:CodeID>
					</structure:CodeRef>
					<structure:CodeRef>
						<structure:CodelistAliasRef>AL_UNIT</structure:CodelistAliasRef>
						<structure:CodeID>SLL</structure:CodeID>
					</structure:CodeRef>
					<structure:CodeRef>
						<structure:CodelistAliasRef>AL_UNIT</structure:CodelistAliasRef>
						<structure:CodeID>LRD</structure:CodeID>
					</structure:CodeRef>
					<structure:CodeRef>
						<structure:CodelistAliasRef>AL_UNIT</structure:CodelistAliasRef>
						<structure:CodeID>LYD</structure:CodeID>
					</structure:CodeRef>
					<structure:CodeRef>
						<structure:CodelistAliasRef>AL_UNIT</structure:CodelistAliasRef>
						<structure:CodeID>SZL</structure:CodeID>
					</structure:CodeRef>
					<structure:CodeRef>
						<structure:CodelistAliasRef>AL_UNIT</structure:CodelistAliasRef>
						<structure:CodeID>LTL</structure:CodeID>
					</structure:CodeRef>
					<structure:CodeRef>
						<structure:CodelistAliasRef>AL_UNIT</structure:CodelistAliasRef>
						<structure:CodeID>LSL</structure:CodeID>
					</structure:CodeRef>
					<structure:CodeRef>
						<structure:CodelistAliasRef>AL_UNIT</structure:CodelistAliasRef>
						<structure:CodeID>MGA</structure:CodeID>
					</structure:CodeRef>
					<structure:CodeRef>
						<structure:CodelistAliasRef>AL_UNIT</structure:CodelistAliasRef>
						<structure:CodeID>MYR</structure:CodeID>
					</structure:CodeRef>
					<structure:CodeRef>
						<structure:CodelistAliasRef>AL_UNIT</structure:CodelistAliasRef>
						<structure:CodeID>TMT</structure:CodeID>
					</structure:CodeRef>
					<structure:CodeRef>
						<structure:CodelistAliasRef>AL_UNIT</structure:CodelistAliasRef>
						<structure:CodeID>MUR</structure:CodeID>
					</structure:CodeRef>
					<structure:CodeRef>
						<structure:CodelistAliasRef>AL_UNIT</structure:CodelistAliasRef>
						<structure:CodeID>MZN</structure:CodeID>
					</structure:CodeRef>
					<structure:CodeRef>
						<structure:CodelistAliasRef>AL_UNIT</structure:CodelistAliasRef>
						<structure:CodeID>MXN</structure:CodeID>
					</structure:CodeRef>
					<structure:CodeRef>
						<structure:CodelistAliasRef>AL_UNIT</structure:CodelistAliasRef>
						<structure:CodeID>MXV</structure:CodeID>
					</structure:CodeRef>
					<structure:CodeRef>
						<structure:CodelistAliasRef>AL_UNIT</structure:CodelistAliasRef>
						<structure:CodeID>MDL</structure:CodeID>
					</structure:CodeRef>
					<structure:CodeRef>
						<structure:CodelistAliasRef>AL_UNIT</structure:CodelistAliasRef>
						<structure:CodeID>MAD</structure:CodeID>
					</structure:CodeRef>
					<structure:CodeRef>
						<structure:CodelistAliasRef>AL_UNIT</structure:CodelistAliasRef>
						<structure:CodeID>BOV</structure:CodeID>
					</structure:CodeRef>
					<structure:CodeRef>
						<structure:CodelistAliasRef>AL_UNIT</structure:CodelistAliasRef>
						<structure:CodeID>NGN</structure:CodeID>
					</structure:CodeRef>
					<structure:CodeRef>
						<structure:CodelistAliasRef>AL_UNIT</structure:CodelistAliasRef>
						<structure:CodeID>ERN</structure:CodeID>
					</structure:CodeRef>
					<structure:CodeRef>
						<structure:CodelistAliasRef>AL_UNIT</structure:CodelistAliasRef>
						<structure:CodeID>NAD</structure:CodeID>
					</structure:CodeRef>
					<structure:CodeRef>
						<structure:CodelistAliasRef>AL_UNIT</structure:CodelistAliasRef>
						<structure:CodeID>NPR</structure:CodeID>
					</structure:CodeRef>
					<structure:CodeRef>
						<structure:CodelistAliasRef>AL_UNIT</structure:CodelistAliasRef>
						<structure:CodeID>ANG</structure:CodeID>
					</structure:CodeRef>
					<structure:CodeRef>
						<structure:CodelistAliasRef>AL_UNIT</structure:CodelistAliasRef>
						<structure:CodeID>ILS</structure:CodeID>
					</structure:CodeRef>
					<structure:CodeRef>
						<structure:CodelistAliasRef>AL_UNIT</structure:CodelistAliasRef>
						<structure:CodeID>RON</structure:CodeID>
					</structure:CodeRef>
					<structure:CodeRef>
						<structure:CodelistAliasRef>AL_UNIT</structure:CodelistAliasRef>
						<structure:CodeID>TWD</structure:CodeID>
					</structure:CodeRef>
					<structure:CodeRef>
						<structure:CodelistAliasRef>AL_UNIT</structure:CodelistAliasRef>
						<structure:CodeID>NZD</structure:CodeID>
					</structure:CodeRef>
					<structure:CodeRef>
						<structure:CodelistAliasRef>AL_UNIT</structure:CodelistAliasRef>
						<structure:CodeID>BTN</structure:CodeID>
					</structure:CodeRef>
					<structure:CodeRef>
						<structure:CodelistAliasRef>AL_UNIT</structure:CodelistAliasRef>
						<structure:CodeID>KPW</structure:CodeID>
					</structure:CodeRef>
					<structure:CodeRef>
						<structure:CodelistAliasRef>AL_UNIT</structure:CodelistAliasRef>
						<structure:CodeID>NOK</structure:CodeID>
					</structure:CodeRef>
					<structure:CodeRef>
						<structure:CodelistAliasRef>AL_UNIT</structure:CodelistAliasRef>
						<structure:CodeID>PEN</structure:CodeID>
					</structure:CodeRef>
					<structure:CodeRef>
						<structure:CodelistAliasRef>AL_UNIT</structure:CodelistAliasRef>
						<structure:CodeID>MRO</structure:CodeID>
					</structure:CodeRef>
					<structure:CodeRef>
						<structure:CodelistAliasRef>AL_UNIT</structure:CodelistAliasRef>
						<structure:CodeID>TOP</structure:CodeID>
					</structure:CodeRef>
					<structure:CodeRef>
						<structure:CodelistAliasRef>AL_UNIT</structure:CodelistAliasRef>
						<structure:CodeID>PKR</structure:CodeID>
					</structure:CodeRef>
					<structure:CodeRef>
						<structure:CodelistAliasRef>AL_UNIT</structure:CodelistAliasRef>
						<structure:CodeID>XPD</structure:CodeID>
					</structure:CodeRef>
					<structure:CodeRef>
						<structure:CodelistAliasRef>AL_UNIT</structure:CodelistAliasRef>
						<structure:CodeID>MOP</structure:CodeID>
					</structure:CodeRef>
					<structure:CodeRef>
						<structure:CodelistAliasRef>AL_UNIT</structure:CodelistAliasRef>
						<structure:CodeID>CUC</structure:CodeID>
					</structure:CodeRef>
					<structure:CodeRef>
						<structure:CodelistAliasRef>AL_UNIT</structure:CodelistAliasRef>
						<structure:CodeID>UYU</structure:CodeID>
					</structure:CodeRef>
					<structure:CodeRef>
						<structure:CodelistAliasRef>AL_UNIT</structure:CodelistAliasRef>
						<structure:CodeID>PHP</structure:CodeID>
					</structure:CodeRef>
					<structure:CodeRef>
						<structure:CodelistAliasRef>AL_UNIT</structure:CodelistAliasRef>
						<structure:CodeID>XPT</structure:CodeID>
					</structure:CodeRef>
					<structure:CodeRef>
						<structure:CodelistAliasRef>AL_UNIT</structure:CodelistAliasRef>
						<structure:CodeID>GBP</structure:CodeID>
					</structure:CodeRef>
					<structure:CodeRef>
						<structure:CodelistAliasRef>AL_UNIT</structure:CodelistAliasRef>
						<structure:CodeID>BWP</structure:CodeID>
					</structure:CodeRef>
					<structure:CodeRef>
						<structure:CodelistAliasRef>AL_UNIT</structure:CodelistAliasRef>
						<structure:CodeID>QAR</structure:CodeID>
					</structure:CodeRef>
					<structure:CodeRef>
						<structure:CodelistAliasRef>AL_UNIT</structure:CodelistAliasRef>
						<structure:CodeID>GTQ</structure:CodeID>
					</structure:CodeRef>
					<structure:CodeRef>
						<structure:CodelistAliasRef>AL_UNIT</structure:CodelistAliasRef>
						<structure:CodeID>ZAR</structure:CodeID>
					</structure:CodeRef>
					<structure:CodeRef>
						<structure:CodelistAliasRef>AL_UNIT</structure:CodelistAliasRef>
						<structure:CodeID>OMR</structure:CodeID>
					</structure:CodeRef>
					<structure:CodeRef>
						<structure:CodelistAliasRef>AL_UNIT</structure:CodelistAliasRef>
						<structure:CodeID>KHR</structure:CodeID>
					</structure:CodeRef>
					<structure:CodeRef>
						<structure:CodelistAliasRef>AL_UNIT</structure:CodelistAliasRef>
						<structure:CodeID>MVR</structure:CodeID>
					</structure:CodeRef>
					<structure:CodeRef>
						<structure:CodelistAliasRef>AL_UNIT</structure:CodelistAliasRef>
						<structure:CodeID>IDR</structure:CodeID>
					</structure:CodeRef>
					<structure:CodeRef>
						<structure:CodelistAliasRef>AL_UNIT</structure:CodelistAliasRef>
						<structure:CodeID>RUB</structure:CodeID>
					</structure:CodeRef>
					<structure:CodeRef>
						<structure:CodelistAliasRef>AL_UNIT</structure:CodelistAliasRef>
						<structure:CodeID>RWF</structure:CodeID>
					</structure:CodeRef>
					<structure:CodeRef>
						<structure:CodelistAliasRef>AL_UNIT</structure:CodelistAliasRef>
						<structure:CodeID>SHP</structure:CodeID>
					</structure:CodeRef>
					<structure:CodeRef>
						<structure:CodelistAliasRef>AL_UNIT</structure:CodelistAliasRef>
						<structure:CodeID>SAR</structure:CodeID>
					</structure:CodeRef>
					<structure:CodeRef>
						<structure:CodelistAliasRef>AL_UNIT</structure:CodelistAliasRef>
						<structure:CodeID>XDR</structure:CodeID>
					</structure:CodeRef>
					<structure:CodeRef>
						<structure:CodelistAliasRef>AL_UNIT</structure:CodelistAliasRef>
						<structure:CodeID>RSD</structure:CodeID>
					</structure:CodeRef>
					<structure:CodeRef>
						<structure:CodelistAliasRef>AL_UNIT</structure:CodelistAliasRef>
						<structure:CodeID>SCR</structure:CodeID>
					</structure:CodeRef>
					<structure:CodeRef>
						<structure:CodelistAliasRef>AL_UNIT</structure:CodelistAliasRef>
						<structure:CodeID>XAG</structure:CodeID>
					</structure:CodeRef>
					<structure:CodeRef>
						<structure:CodelistAliasRef>AL_UNIT</structure:CodelistAliasRef>
						<structure:CodeID>SGD</structure:CodeID>
					</structure:CodeRef>
					<structure:CodeRef>
						<structure:CodelistAliasRef>AL_UNIT</structure:CodelistAliasRef>
						<structure:CodeID>SBD</structure:CodeID>
					</structure:CodeRef>
					<structure:CodeRef>
						<structure:CodelistAliasRef>AL_UNIT</structure:CodelistAliasRef>
						<structure:CodeID>KGS</structure:CodeID>
					</structure:CodeRef>
					<structure:CodeRef>
						<structure:CodelistAliasRef>AL_UNIT</structure:CodelistAliasRef>
						<structure:CodeID>SOS</structure:CodeID>
					</structure:CodeRef>
					<structure:CodeRef>
						<structure:CodelistAliasRef>AL_UNIT</structure:CodelistAliasRef>
						<structure:CodeID>TJS</structure:CodeID>
					</structure:CodeRef>
					<structure:CodeRef>
						<structure:CodelistAliasRef>AL_UNIT</structure:CodelistAliasRef>
						<structure:CodeID>LKR</structure:CodeID>
					</structure:CodeRef>
					<structure:CodeRef>
						<structure:CodelistAliasRef>AL_UNIT</structure:CodelistAliasRef>
						<structure:CodeID>SDG</structure:CodeID>
					</structure:CodeRef>
					<structure:CodeRef>
						<structure:CodelistAliasRef>AL_UNIT</structure:CodelistAliasRef>
						<structure:CodeID>SRD</structure:CodeID>
					</structure:CodeRef>
					<structure:CodeRef>
						<structure:CodelistAliasRef>AL_UNIT</structure:CodelistAliasRef>
						<structure:CodeID>SEK</structure:CodeID>
					</structure:CodeRef>
					<structure:CodeRef>
						<structure:CodelistAliasRef>AL_UNIT</structure:CodelistAliasRef>
						<structure:CodeID>CHF</structure:CodeID>
					</structure:CodeRef>
					<structure:CodeRef>
						<structure:CodelistAliasRef>AL_UNIT</structure:CodelistAliasRef>
						<structure:CodeID>SYP</structure:CodeID>
					</structure:CodeRef>
					<structure:CodeRef>
						<structure:CodelistAliasRef>AL_UNIT</structure:CodelistAliasRef>
						<structure:CodeID>BDT</structure:CodeID>
					</structure:CodeRef>
					<structure:CodeRef>
						<structure:CodelistAliasRef>AL_UNIT</structure:CodelistAliasRef>
						<structure:CodeID>WST</structure:CodeID>
					</structure:CodeRef>
					<structure:CodeRef>
						<structure:CodelistAliasRef>AL_UNIT</structure:CodelistAliasRef>
						<structure:CodeID>TZS</structure:CodeID>
					</structure:CodeRef>
					<structure:CodeRef>
						<structure:CodelistAliasRef>AL_UNIT</structure:CodelistAliasRef>
						<structure:CodeID>KZT</structure:CodeID>
					</structure:CodeRef>
					<structure:CodeRef>
						<structure:CodelistAliasRef>AL_UNIT</structure:CodelistAliasRef>
						<structure:CodeID>XXX</structure:CodeID>
					</structure:CodeRef>
					<structure:CodeRef>
						<structure:CodelistAliasRef>AL_UNIT</structure:CodelistAliasRef>
						<structure:CodeID>TTD</structure:CodeID>
					</structure:CodeRef>
					<structure:CodeRef>
						<structure:CodelistAliasRef>AL_UNIT</structure:CodelistAliasRef>
						<structure:CodeID>MNT</structure:CodeID>
					</structure:CodeRef>
					<structure:CodeRef>
						<structure:CodelistAliasRef>AL_UNIT</structure:CodelistAliasRef>
						<structure:CodeID>TND</structure:CodeID>
					</structure:CodeRef>
					<structure:CodeRef>
						<structure:CodelistAliasRef>AL_UNIT</structure:CodelistAliasRef>
						<structure:CodeID>TRY</structure:CodeID>
					</structure:CodeRef>
					<structure:CodeRef>
						<structure:CodelistAliasRef>AL_UNIT</structure:CodelistAliasRef>
						<structure:CodeID>AED</structure:CodeID>
					</structure:CodeRef>
					<structure:CodeRef>
						<structure:CodelistAliasRef>AL_UNIT</structure:CodelistAliasRef>
						<structure:CodeID>UGX</structure:CodeID>
					</structure:CodeRef>
					<structure:CodeRef>
						<structure:CodelistAliasRef>AL_UNIT</structure:CodelistAliasRef>
						<structure:CodeID>XFU</structure:CodeID>
					</structure:CodeRef>
					<structure:CodeRef>
						<structure:CodelistAliasRef>AL_UNIT</structure:CodelistAliasRef>
						<structure:CodeID>COU</structure:CodeID>
					</structure:CodeRef>
					<structure:CodeRef>
						<structure:CodelistAliasRef>AL_UNIT</structure:CodelistAliasRef>
						<structure:CodeID>CLF</structure:CodeID>
					</structure:CodeRef>
					<structure:CodeRef>
						<structure:CodelistAliasRef>AL_UNIT</structure:CodelistAliasRef>
						<structure:CodeID>UYI</structure:CodeID>
					</structure:CodeRef>
					<structure:CodeRef>
						<structure:CodelistAliasRef>AL_UNIT</structure:CodelistAliasRef>
						<structure:CodeID>USD</structure:CodeID>
					</structure:CodeRef>
					<structure:CodeRef>
						<structure:CodelistAliasRef>AL_UNIT</structure:CodelistAliasRef>
						<structure:CodeID>USN</structure:CodeID>
					</structure:CodeRef>
					<structure:CodeRef>
						<structure:CodelistAliasRef>AL_UNIT</structure:CodelistAliasRef>
						<structure:CodeID>USS</structure:CodeID>
					</structure:CodeRef>
					<structure:CodeRef>
						<structure:CodelistAliasRef>AL_UNIT</structure:CodelistAliasRef>
						<structure:CodeID>UZS</structure:CodeID>
					</structure:CodeRef>
					<structure:CodeRef>
						<structure:CodelistAliasRef>AL_UNIT</structure:CodelistAliasRef>
						<structure:CodeID>VUV</structure:CodeID>
					</structure:CodeRef>
					<structure:CodeRef>
						<structure:CodelistAliasRef>AL_UNIT</structure:CodelistAliasRef>
						<structure:CodeID>CHE</structure:CodeID>
					</structure:CodeRef>
					<structure:CodeRef>
						<structure:CodelistAliasRef>AL_UNIT</structure:CodelistAliasRef>
						<structure:CodeID>CHW</structure:CodeID>
					</structure:CodeRef>
					<structure:CodeRef>
						<structure:CodelistAliasRef>AL_UNIT</structure:CodelistAliasRef>
						<structure:CodeID>KRW</structure:CodeID>
					</structure:CodeRef>
					<structure:CodeRef>
						<structure:CodelistAliasRef>AL_UNIT</structure:CodelistAliasRef>
						<structure:CodeID>YER</structure:CodeID>
					</structure:CodeRef>
					<structure:CodeRef>
						<structure:CodelistAliasRef>AL_UNIT</structure:CodelistAliasRef>
						<structure:CodeID>JPY</structure:CodeID>
					</structure:CodeRef>
					<structure:CodeRef>
						<structure:CodelistAliasRef>AL_UNIT</structure:CodelistAliasRef>
						<structure:CodeID>CNY</structure:CodeID>
					</structure:CodeRef>
					<structure:CodeRef>
						<structure:CodelistAliasRef>AL_UNIT</structure:CodelistAliasRef>
						<structure:CodeID>ZMK</structure:CodeID>
					</structure:CodeRef>
					<structure:CodeRef>
						<structure:CodelistAliasRef>AL_UNIT</structure:CodelistAliasRef>
						<structure:CodeID>ZWL</structure:CodeID>
					</structure:CodeRef>
					<structure:CodeRef>
						<structure:CodelistAliasRef>AL_UNIT</structure:CodelistAliasRef>
						<structure:CodeID>PLN</structure:CodeID>
					</structure:CodeRef>
				</structure:CodeRef>
				<!-- DISTANCE -->				
				<structure:CodeRef>
					<structure:CodelistAliasRef>AL_UNIT_GROUP</structure:CodelistAliasRef>
					<structure:CodeID>2</structure:CodeID>
					<structure:CodeRef>
						<structure:CodelistAliasRef>AL_UNIT</structure:CodelistAliasRef>
						<structure:CodeID>2001</structure:CodeID>
					</structure:CodeRef>
					<structure:CodeRef>
						<structure:CodelistAliasRef>AL_UNIT</structure:CodelistAliasRef>
						<structure:CodeID>2002</structure:CodeID>
					</structure:CodeRef>					
				</structure:CodeRef>				
				<!-- WEIGHTS -->									
				<structure:CodeRef>
					<structure:CodelistAliasRef>AL_UNIT_GROUP</structure:CodelistAliasRef>
					<structure:CodeID>3</structure:CodeID>
					<structure:CodeRef>
						<structure:CodelistAliasRef>AL_UNIT</structure:CodelistAliasRef>
						<structure:CodeID>3001</structure:CodeID>
					</structure:CodeRef>
					<structure:CodeRef>
						<structure:CodelistAliasRef>AL_UNIT</structure:CodelistAliasRef>
						<structure:CodeID>3002</structure:CodeID>
					</structure:CodeRef>
					<structure:CodeRef>
						<structure:CodelistAliasRef>AL_UNIT</structure:CodelistAliasRef>
						<structure:CodeID>3003</structure:CodeID>
					</structure:CodeRef>					
				</structure:CodeRef>				
				<!-- PEOPLE -->
				<structure:CodeRef>
					<structure:CodelistAliasRef>AL_UNIT_GROUP</structure:CodelistAliasRef>
					<structure:CodeID>4</structure:CodeID>
					<structure:CodeRef>
						<structure:CodelistAliasRef>AL_UNIT</structure:CodelistAliasRef>
						<structure:CodeID>4100</structure:CodeID>
					</structure:CodeRef>						
					<structure:CodeRef>
						<structure:CodelistAliasRef>AL_UNIT</structure:CodelistAliasRef>
						<structure:CodeID>4200</structure:CodeID>
					</structure:CodeRef>
				</structure:CodeRef>
				<!-- TIME -->			
				<structure:CodeRef>
					<structure:CodelistAliasRef>AL_UNIT_GROUP</structure:CodelistAliasRef>
					<structure:CodeID>5</structure:CodeID>
					<structure:CodeRef>
						<structure:CodelistAliasRef>AL_UNIT</structure:CodelistAliasRef>
						<structure:CodeID>5001</structure:CodeID>
					</structure:CodeRef>
					<structure:CodeRef>
						<structure:CodelistAliasRef>AL_UNIT</structure:CodelistAliasRef>
						<structure:CodeID>5002</structure:CodeID>						
					</structure:CodeRef>
					<structure:CodeRef>
						<structure:CodelistAliasRef>AL_UNIT</structure:CodelistAliasRef>
						<structure:CodeID>5003</structure:CodeID>						
					</structure:CodeRef>
					<structure:CodeRef>
						<structure:CodelistAliasRef>AL_UNIT</structure:CodelistAliasRef>
						<structure:CodeID>5004</structure:CodeID>						
					</structure:CodeRef>					
				</structure:CodeRef>														
			</structure:Hierarchy>     							
        </structure:HierarchicalCodelist>
    </HierarchicalCodelists>
</Structure>