<?xml version="1.0" encoding="UTF-8"?>
<Structure xmlns="http://www.SDMX.org/resources/SDMXML/schemas/v2_0/message" xmlns:structure="http://www.SDMX.org/resources/SDMXML/schemas/v2_0/structure" xmlns:xsi="http://www.w3.org/2001/XMLSchema-instance" xsi:schemaLocation="http://www.SDMX.org/resources/SDMXML/schemas/v2_0/message SDMXMessage.xsd">
  <Header>
    <ID>SDMX-HD-DSD</ID>
    <Test>false</Test>
    <Truncated>false</Truncated>
    <Name xml:lang="en">SDMX Health Domain</Name>
    <Prepared>2009-03-20</Prepared>
    <Sender id="SDMX-HD">
      <Name>SDMX-HD Health Domain</Name>
      <Contact>
        <Name xml:lang="en">Patrick Whitaker</Name>
        <Department>Health Care Informatics</Department>
        <Telephone>+41.22.791.1372</Telephone>
        <Email>whitakerp@who.int</Email>
      </Contact>
    </Sender>
    <Extracted>2009-03-20T13:03:46</Extracted>
  </Header>
  <CodeLists>
    <structure:CodeList id="CL_VALUE_CONTRIBUTION" agencyID="USG" version="1.0" isFinal="true" urn="urn:sdmx:org.sdmx.infomodel.codelist=USG:CL_VALUE_CONTRIBUTION" >
      <structure:Name xml:lang="en">Value Contribution</structure:Name>
      <structure:Code value="0" urn="urn:sdmx:org.sdmx.infomodel.codelist.Code=USG:CL_VALUE_CONTRIBUTION[1.0].0">
        <structure:Description xml:lang="en">Downstream</structure:Description>
      </structure:Code>
      <structure:Code value="1" urn="urn:sdmx:org.sdmx.infomodel.codelist.Code=USG:CL_VALUE_CONTRIBUTION[1.0].1">
        <structure:Description xml:lang="en">Upstream</structure:Description>
      </structure:Code>
    </structure:CodeList>
  </CodeLists>
</Structure>

