﻿<?xml version="1.0" encoding="utf-8"?>
<GenericMetadata 
  xmlns="http://www.SDMX.org/resources/SDMXML/schemas/v2_0/message"
  xmlns:gen="http://www.SDMX.org/resources/SDMXML/schemas/v2_0/genericmetadata"
  xmlns:common="http://www.SDMX.org/resources/SDMXML/schemas/v2_0/common"
  xmlns:xsi="http://www.w3.org/2001/XMLSchema-instance"
  xsi:schemaLocation="http://www.SDMX.org/resources/SDMXML/schemas/v2_0/genericmetadata SDMXGenericMetadata.xsd
  http://www.SDMX.org/resources/SDMXML/schemas/v2_0/message SDMXMessage.xsd
  ">
  <Header xmlns="http://www.SDMX.org/resources/SDMXML/schemas/v2_0/message">
		<ID>SDMX-HD-GMS</ID>
		<Test>false</Test>
		<Truncated>false</Truncated>
		<Name xml:lang="en">SDMX Health Domain</Name>			
		<Prepared>2009-03-20</Prepared>
        <Sender id="HSID">
			<Name>Health Statistics and Informatics Department </Name>
		</Sender>
		<Extracted>2009-03-20T13:03:46</Extracted>
  </Header>  
  <gen:MetadataSet metadataStructureURI="MSD.xml" datasetID="DATASET_SAMPLE2_IND">
    <gen:MetadataStructureRef>MSD_INDICATOR</gen:MetadataStructureRef>
    <gen:MetadataStructureAgencyRef>SDMX-HD</gen:MetadataStructureAgencyRef>
    <gen:ReportRef>RS_INDICATOR</gen:ReportRef>

    
    <!-- IC_INDICATOR -->
    
    <!-- RATIO with NUM + DEN -->
   
	<gen:AttributeValueSet xmlns:gen="http://www.SDMX.org/resources/SDMXML/schemas/v2_0/genericmetadata">
		<gen:TargetRef>FTI_INDICATOR</gen:TargetRef>
		<gen:TargetValues>
			<gen:ComponentValue component="IC_INDICATOR" object="Code">0</gen:ComponentValue>
		</gen:TargetValues>
		<gen:ReportedAttribute conceptID="_CODE">
			<gen:Value xml:lang="en"><![CDATA[67]]></gen:Value>
		</gen:ReportedAttribute>
		<gen:ReportedAttribute conceptID="_DESCRIPTION">
			<gen:Value xml:lang="en"><![CDATA[Number of deaths during the first 28 completed days of life
per 1000 live births in a given year or other period.
Neonatal deaths (deaths among live births during the first 28
completed days of life) may be subdivided into early neonatal
deaths, occurring during the first 7 days of life, and late
neonatal deaths, occurring after the 7th day but before the
28th completed day of life.]]></gen:Value>
		</gen:ReportedAttribute>
		<gen:ReportedAttribute conceptID="DTYPE">
			<gen:Value>5</gen:Value>
		</gen:ReportedAttribute>
		<gen:ReportedAttribute conceptID="RATIONALE">
			<gen:Value xml:lang="en"><![CDATA[Mortality during the neonatal period accounts for a large
proportion of child deaths, and is considered to be a useful
indicator of maternal and newborn neonatal health and care.
Generally, the proportion of neonatal deaths is expected to
increase as countries continue to witness a decline in child
mortality.]]></gen:Value>
		</gen:ReportedAttribute>
        
		<gen:ReportedAttribute conceptID="METHOD">
		  <gen:Value><![CDATA[Empirical data from civil registration and household surveys are compiled and adjusted in order to maintain consistency with the estimates of probability of dying before the age of 5 years. When no survey or registration data point is available, the neonatal mortality rate is estimated from the probability of dying before the age of 5 yearsat less than age 5 years, using a regression corrected for AIDS. Predominant type of statistics: adjusted and predicted 
		]]></gen:Value>
		</gen:ReportedAttribute>

		<gen:ReportedAttribute conceptID="UNIT">
		  <gen:Value>_NA</gen:Value>
		</gen:ReportedAttribute>

		<gen:ReportedAttribute conceptID="MULT">
		  <gen:Value>3</gen:Value>
		</gen:ReportedAttribute>
                
		<gen:ReportedAttribute conceptID="TOPIC">
			<gen:Value xml:lang="en"><![CDATA[Mortality and burden of disease]]></gen:Value>
		</gen:ReportedAttribute>       
		<gen:ReportedAttribute conceptID="_ORDER_BY">
			<gen:Value>0</gen:Value>
		</gen:ReportedAttribute>
		<gen:ReportedAttribute conceptID="_VERSION">
			<gen:Value>1.0</gen:Value>
		</gen:ReportedAttribute>      
	</gen:AttributeValueSet>
  
    <!-- NUM  -->
    
    <gen:AttributeValueSet xmlns:gen="http://www.SDMX.org/resources/SDMXML/schemas/v2_0/genericmetadata">
      
		<gen:TargetRef>FTI_INDICATOR</gen:TargetRef>
		<gen:TargetValues>
			<gen:ComponentValue component="IC_INDICATOR" object="Code">1</gen:ComponentValue>
		</gen:TargetValues>
      
		<gen:ReportedAttribute conceptID="_CODE">
			<gen:Value xml:lang="en"><![CDATA[67N]]]></gen:Value>
		</gen:ReportedAttribute>

		<gen:ReportedAttribute conceptID="_DESCRIPTION">
			<gen:Value xml:lang="en"><![CDATA[Number of deaths during first 28 completed days of life]]></gen:Value>
		</gen:ReportedAttribute>

		<gen:ReportedAttribute conceptID="DTYPE">
			<gen:Value>1</gen:Value>
		</gen:ReportedAttribute>

		<gen:ReportedAttribute conceptID="RATIONALE">
			<gen:Value xml:lang="en"><![CDATA[]]></gen:Value>
		</gen:ReportedAttribute>

		<gen:ReportedAttribute conceptID="METHOD">
			<gen:Value></gen:Value>
		</gen:ReportedAttribute>

		<gen:ReportedAttribute conceptID="UNIT">
			<gen:Value>4200</gen:Value>
		</gen:ReportedAttribute>

		<gen:ReportedAttribute conceptID="MULT">
			<gen:Value>_NA</gen:Value>
		</gen:ReportedAttribute>	  

		<gen:ReportedAttribute conceptID="TOPIC">
			<gen:Value xml:lang="en"><![CDATA[]]></gen:Value>
		</gen:ReportedAttribute>	  

		<gen:ReportedAttribute conceptID="_ORDER_BY">
			<gen:Value>1</gen:Value>
		</gen:ReportedAttribute>

		<gen:ReportedAttribute conceptID="_VERSION">
			<gen:Value>1.0</gen:Value>
		</gen:ReportedAttribute>
      
    </gen:AttributeValueSet>
    
    <!-- DEN  -->
    
    <gen:AttributeValueSet xmlns:gen="http://www.SDMX.org/resources/SDMXML/schemas/v2_0/genericmetadata">
		<gen:TargetRef>FTI_INDICATOR</gen:TargetRef>
		<gen:TargetValues>
			<gen:ComponentValue component="IC_INDICATOR" object="Code">2</gen:ComponentValue>
		</gen:TargetValues>
      
		<gen:ReportedAttribute conceptID="_CODE">
			<gen:Value xml:lang="en"><![CDATA[67D]]]></gen:Value>
		</gen:ReportedAttribute>

		<gen:ReportedAttribute conceptID="_DESCRIPTION">
			<gen:Value xml:lang="en"><![CDATA[1000 live births in a given year]]></gen:Value>
		</gen:ReportedAttribute>

		<gen:ReportedAttribute conceptID="DTYPE">
			<gen:Value>1</gen:Value>
		</gen:ReportedAttribute>

		<gen:ReportedAttribute conceptID="RATIONALE">
			<gen:Value xml:lang="en"><![CDATA[]]></gen:Value>
		</gen:ReportedAttribute>

		<gen:ReportedAttribute conceptID="METHOD">
			<gen:Value></gen:Value>
		</gen:ReportedAttribute>

		<gen:ReportedAttribute conceptID="UNIT">
			<gen:Value>4100</gen:Value>
		</gen:ReportedAttribute>

		<gen:ReportedAttribute conceptID="MULT">
			<gen:Value>_NA</gen:Value>
		</gen:ReportedAttribute>	  

		<gen:ReportedAttribute conceptID="TOPIC">
			<gen:Value xml:lang="en"><![CDATA[]]></gen:Value>
		</gen:ReportedAttribute>		  

		<gen:ReportedAttribute conceptID="_ORDER_BY">
			<gen:Value>2</gen:Value>
		</gen:ReportedAttribute>
				  
		<gen:ReportedAttribute conceptID="_VERSION">
			<gen:Value>1.0</gen:Value>
		</gen:ReportedAttribute>
      
    </gen:AttributeValueSet>
    
    <!-- COUNT  -->
    
    <gen:AttributeValueSet xmlns:gen="http://www.SDMX.org/resources/SDMXML/schemas/v2_0/genericmetadata">
		<gen:TargetRef>FTI_INDICATOR</gen:TargetRef>
		<gen:TargetValues>
			<gen:ComponentValue component="IC_INDICATOR" object="Code">3</gen:ComponentValue>
		</gen:TargetValues>
    	
		<gen:ReportedAttribute conceptID="_CODE">
			<gen:Value xml:lang="en"><![CDATA[65]]></gen:Value>
		</gen:ReportedAttribute>
    	
		<gen:ReportedAttribute conceptID="_DESCRIPTION">
			<gen:Value xml:lang="en"><![CDATA[Average number of years that a newborn is expected to live if current mortatility rates continue to apply]]></gen:Value>
		</gen:ReportedAttribute>
    	
		<gen:ReportedAttribute conceptID="DTYPE">
			<gen:Value>1</gen:Value>
		</gen:ReportedAttribute>
    	
		<gen:ReportedAttribute conceptID="RATIONALE">
			<gen:Value xml:lang="en"><![CDATA[Life expectancy at birth reflects the overall mortality level of a
			population. It summarizes the mortality pattern that prevails
			across all age groups - children and adolescents, adults and
			the elderly.
			]]></gen:Value>
		</gen:ReportedAttribute>
    	
		<gen:ReportedAttribute conceptID="METHOD">
			<gen:Value><![CDATA[]]></gen:Value>
		</gen:ReportedAttribute>

		<gen:ReportedAttribute conceptID="UNIT">
			<gen:Value>5001</gen:Value>
		</gen:ReportedAttribute>

		<gen:ReportedAttribute conceptID="MULT">
			<gen:Value>_NA</gen:Value>
		</gen:ReportedAttribute>

		<gen:ReportedAttribute conceptID="TOPIC">
			<gen:Value xml:lang="en"><![CDATA[Mortality and burden of disease]]></gen:Value>
		</gen:ReportedAttribute>      
		<gen:ReportedAttribute conceptID="_ORDER_BY">
			<gen:Value>0</gen:Value>
		</gen:ReportedAttribute>

		<gen:ReportedAttribute conceptID="_VERSION">
			<gen:Value>1.0</gen:Value>
		</gen:ReportedAttribute>
      
    </gen:AttributeValueSet>   
    
    
    <!-- PERCENTAGE  -->
    
    <gen:AttributeValueSet xmlns:gen="http://www.SDMX.org/resources/SDMXML/schemas/v2_0/genericmetadata">
		<gen:TargetRef>FTI_INDICATOR</gen:TargetRef>
		<gen:TargetValues>
			<gen:ComponentValue component="IC_INDICATOR" object="Code">4</gen:ComponentValue>
		</gen:TargetValues>
    	
		<gen:ReportedAttribute conceptID="_CODE">
			<gen:Value xml:lang="en"><![CDATA[75]]></gen:Value>
		</gen:ReportedAttribute>
    	
		<gen:ReportedAttribute conceptID="_DESCRIPTION">
			<gen:Value xml:lang="en"><![CDATA[Percentage of adults (15 years and older) classified as obese (BMI >= 30.0 kg/m2) among total adult population]]></gen:Value>
		</gen:ReportedAttribute>
    	
		<gen:ReportedAttribute conceptID="DTYPE">
			<gen:Value>4</gen:Value>
		</gen:ReportedAttribute>
    	
		<gen:ReportedAttribute conceptID="RATIONALE">
			<gen:Value xml:lang="en"><![CDATA[The prevalence of overweight and obesity in adults has been
increasing globally. Obese adults (BMI ≥ 30.0) are at
increased risk of adverse metabolic outcomes including
increased blood pressure, cholesterol, triglycerides, and
insulin resistance. Subsequently, an increase in BMI
exponentially increases the risk of noncommunicable
diseases (NCDs), such as coronary heart disease, ischaemic
stroke and type-2 diabetes mellitus. Raised BMI is also
associated with an increased risk of cancer.]]></gen:Value>
		</gen:ReportedAttribute>

		<gen:ReportedAttribute conceptID="METHOD">
			<gen:Value><![CDATA[]]>            
		</gen:Value>
		</gen:ReportedAttribute>
    	
		<gen:ReportedAttribute conceptID="UNIT">
			<gen:Value>_NA</gen:Value>
		</gen:ReportedAttribute>

		<gen:ReportedAttribute conceptID="MULT">
			<gen:Value>_NA</gen:Value>
		</gen:ReportedAttribute>

		<gen:ReportedAttribute conceptID="TOPIC">
			<gen:Value xml:lang="en"><![CDATA[Risk factors]]></gen:Value>
		</gen:ReportedAttribute>
			
		<gen:ReportedAttribute conceptID="_ORDER_BY">
			<gen:Value>0</gen:Value>
		</gen:ReportedAttribute>

		<gen:ReportedAttribute conceptID="_VERSION">
			<gen:Value>1.0</gen:Value>
		</gen:ReportedAttribute>
      
    </gen:AttributeValueSet>   

  </gen:MetadataSet>
</GenericMetadata>
