﻿<?xml version="1.0" encoding="utf-8"?>
<Structure xmlns="http://www.SDMX.org/resources/SDMXML/schemas/v2_0/message">
  <Header>
    <ID>SDMX-HD-DSD</ID>
    <Test>false</Test>
    <Truncated>false</Truncated>
    <Name>SDMX Health Domain</Name>
    <Prepared>2009-10-30</Prepared>
    <Sender id="WHO_IMR">
      <Name>WHO Indicator and Metadata Registry</Name>
      <Contact>
        <Name>Patrick Whitaker</Name>
        <Department>Halth Care Informatics</Department>
        <Telephone>+41.22.791.1372</Telephone>
        <Email>whitakerp@who.int</Email>
      </Contact>
    </Sender>
    <Extracted>2009-10-30T14:14:45</Extracted>
  </Header>
  <OrganisationSchemes>
    <OrganisationScheme id="ORGS_COMMON" agencyID="SDMX-HD" version="1.0" isExternalReference="true" uri="./COMMON/SDMX-HD/v1.0/organisationschemes/ORGS_COMMON+SDMX-HD+1.0.xml" xmlns="http://www.SDMX.org/resources/SDMXML/schemas/v2_0/structure">
      <Name xml:lang="en">SDMX-HD Global Organizational Scheme</Name>
    </OrganisationScheme>
  </OrganisationSchemes>
  <CodeLists>
    <CodeList id="CL_MULT" agencyID="SDMX-HD" version="1.0" isFinal="false" urn="urn:sdmx:org.sdmx.infomodel.codelist=SDMX-HD:CL_MULT" isExternalReference="true" uri="./COMMON/SDMX-HD/v1.0/codelists/CL_MULT+SDMX-HD+1.0.xml" xmlns="http://www.SDMX.org/resources/SDMXML/schemas/v2_0/structure">
      <Name xml:lang="en">Multiplier</Name>
    </CodeList>
    <CodeList id="CL_OPERAND" agencyID="SDMX-HD" version="1.0" isFinal="true" urn="urn:sdmx:org.sdmx.infomodel.codelist=SDMX-HD:CL_OPERAND" isExternalReference="true" uri="./COMMON/SDMX-HD/v1.0/codelists/CL_OPERAND+SDMX-HD+1.0.xml" xmlns="http://www.SDMX.org/resources/SDMXML/schemas/v2_0/structure">
      <Name xml:lang="en">Operand type of indicator</Name>
    </CodeList>
    <CodeList id="CL_UNIT" agencyID="SDMX-HD" version="1.0" isFinal="false" urn="urn:sdmx:org.sdmx.infomodel.codelist=SDMX-HD:CL_UNIT" isExternalReference="true" uri="./COMMON/SDMX-HD/v1.0/codelists/CL_UNIT+SDMX-HD+1.0.xml" xmlns="http://www.SDMX.org/resources/SDMXML/schemas/v2_0/structure">
      <Name xml:lang="en">Unit</Name>
    </CodeList>
    <CodeList id="CL_DSOURCE" agencyID="SDMX-HD" version="1.0" isFinal="false" urn="urn:sdmx:org.sdmx.infomodel.codelist=SDMX-HD:CL_DSOURCE" isExternalReference="true" uri="./COMMON/SDMX-HD/v1.0/codelists/CL_DSOURCE+SDMX-HD+1.0.xml" xmlns="http://www.SDMX.org/resources/SDMXML/schemas/v2_0/structure">
      <Name xml:lang="en">Data Source</Name>
    </CodeList>
    <CodeList id="CL_ORGANIZATION" agencyID="SDMX-HD" version="1.0" isFinal="false" urn="urn:sdmx:org.sdmx.infomodel.codelist=SDMX-HD:CL_ORGANIZATION" isExternalReference="true" uri="./additional/SDMX-HD/v1.0/codelists/CL_ORGANIZATION+SDMX-HD+1.0.xml" xmlns="http://www.SDMX.org/resources/SDMXML/schemas/v2_0/structure">
      <Name xml:lang="en">Organization</Name>
    </CodeList>
    <CodeList id="CL_VALUE_TYPE" agencyID="SDMX-HD" version="1.0" isFinal="false" urn="urn:sdmx:org.sdmx.infomodel.codelist=SDMX-HD:CL_VALUE_TYPE" isExternalReference="true" uri="./COMMON/SDMX-HD/v1.0/codelists/CL_VALUE_TYPE+SDMX-HD+1.0.xml" xmlns="http://www.SDMX.org/resources/SDMXML/schemas/v2_0/structure">
      <Name xml:lang="en">Value Type</Name>
    </CodeList>
    <CodeList id="CL_DISAGG" agencyID="SDMX-HD" version="1.0" isFinal="false" urn="urn:sdmx:org.sdmx.infomodel.codelist=SDMX-HD:CL_DISAGG" isExternalReference="true" uri="./COMMON/SDMX-HD/v1.0/codelists/CL_DISAGG+SDMX-HD+1.0.xml" xmlns="http://www.SDMX.org/resources/SDMXML/schemas/v2_0/structure">
      <Name xml:lang="en">Disaggregation</Name>
    </CodeList>
    <CodeList id="CL_DISEASE" agencyID="SDMX-HD" version="1.0" isFinal="false" urn="urn:sdmx:org.sdmx.infomodel.codelist=SDMX-HD:CL_DISEASE" isExternalReference="true" uri="./COMMON/SDMX-HD/v1.0/codelists/CL_DISEASE+SDMX-HD+1.0.xml" xmlns="http://www.SDMX.org/resources/SDMXML/schemas/v2_0/structure">
      <Name xml:lang="en">Disease</Name>
    </CodeList>
    <CodeList id="CL_GEOGRAPHIC_PLACE_NAME" agencyID="SDMX-HD" version="1.0" isFinal="false" urn="urn:sdmx:org.sdmx.infomodel.codelist=SDMX-HD:CL_GEOGRAPHIC_PLACE_NAME" isExternalReference="true" uri="./additional/SDMX-HD/v1.0/codelists/CL_GEOGRAPHIC_PLACE_NAME+SDMX-HD+1.0.xml" xmlns="http://www.SDMX.org/resources/SDMXML/schemas/v2_0/structure">
      <Name xml:lang="en">Geographic Place Name</Name>
    </CodeList>
    <CodeList id="CL_INDICATOR" agencyID="SDMX-HD" version="1.0" isFinal="false" urn="urn:sdmx:org.sdmx.infomodel.codelist=SDMX-HD:CL_INDICATOR" isExternalReference="true" uri="./additional/SDMX-HD/v1.0/codelists/CL_INDICATOR+SDMX-HD+1.0.xml" xmlns="http://www.SDMX.org/resources/SDMXML/schemas/v2_0/structure">
      <Name xml:lang="en">Indicator</Name>
    </CodeList>
    <CodeList id="CL_TIME_PERIOD" agencyID="SDMX-HD" version="1.0" isFinal="false" urn="urn:sdmx:org.sdmx.infomodel.codelist=SDMX-HD:CL_TIME_PERIOD" isExternalReference="true" uri="./additional/SDMX-HD/v1.0/codelists/CL_TIME_PERIOD+SDMX-HD+1.0.xml" xmlns="http://www.SDMX.org/resources/SDMXML/schemas/v2_0/structure">
      <Name xml:lang="en">Time Period</Name>
    </CodeList>
    <CodeList id="CL_PROGRAM" agencyID="SDMX-HD" version="1.0" isFinal="false" urn="urn:sdmx:org.sdmx.infomodel.codelist=SDMX-HD:CL_PROGRAM" isExternalReference="true" uri="./additional/SDMX-HD/v1.0/codelists/CL_PROGRAM+SDMX-HD+1.0.xml" xmlns="http://www.SDMX.org/resources/SDMXML/schemas/v2_0/structure">
      <Name xml:lang="en">Program</Name>
    </CodeList>
    <CodeList id="CL_ISET" agencyID="SDMX-HD" version="1.0" isFinal="false" urn="urn:sdmx:org.sdmx.infomodel.codelist=SDMX-HD:CL_ISET" isExternalReference="true" uri="./additional/SDMX-HD/v1.0/codelists/CL_ISET+SDMX-HD+1.0.xml" xmlns="http://www.SDMX.org/resources/SDMXML/schemas/v2_0/structure">
      <Name xml:lang="en">Indicator Set</Name>
    </CodeList>
    <CodeList id="CL_TOPIC" agencyID="WHO" version="1.0" isFinal="false" urn="urn:sdmx:org.sdmx.infomodel.codelist=WHO:CL_TOPIC" isExternalReference="true" uri="./CUSTOM/WHO/v1.0/codelists/CL_TOPIC+WHO+1.0.xml" xmlns="http://www.SDMX.org/resources/SDMXML/schemas/v2_0/structure">
      <Name xml:lang="EN">Topic</Name>
    </CodeList>
    <CodeList id="CL_KWORDS" agencyID="SDMX-HD" version="1.0" isFinal="false" urn="urn:sdmx:org.sdmx.infomodel.codelist=SDMX-HD:CL_KWORDS" isExternalReference="true" uri="./COMMON/SDMX-HD/v1.0/codelists/CL_KWORDS+SDMX-HD+1.0.xml" xmlns="http://www.SDMX.org/resources/SDMXML/schemas/v2_0/structure">
      <Name xml:lang="en">Keywords</Name>
    </CodeList>
    <CodeList id="CL_M_E_FRAMEWORK" agencyID="WHO" version="1.0" isFinal="false" urn="urn:sdmx:org.sdmx.infomodel.codelist=WHO:CL_M_E_FRAMEWORK" isExternalReference="true" uri="./CUSTOM/WHO/v1.0/codelists/CL_M_E_FRAMEWORK+WHO+1.0.xml" xmlns="http://www.SDMX.org/resources/SDMXML/schemas/v2_0/structure">
      <Name xml:lang="EN">M&amp;E Framework</Name>
    </CodeList>
    <CodeList id="CL_PERIODICITY" agencyID="SDMX-HD" version="1.0" isFinal="false" urn="urn:sdmx:org.sdmx.infomodel.codelist=SDMX-HD:CL_PERIODICITY" isExternalReference="true" uri="./COMMON/SDMX-HD/v1.0/codelists/CL_PERIODICITY+SDMX-HD+1.0.xml" xmlns="http://www.SDMX.org/resources/SDMXML/schemas/v2_0/structure">
      <Name xml:lang="en">Periodicity</Name>
    </CodeList>
    <CodeList id="CL_SEX" agencyID="SDMX-HD" version="1.0" isFinal="true" urn="urn:sdmx:org.sdmx.infomodel.codelist=SDMX-HD:CL_SEX" isExternalReference="true" uri="./COMMON/SDMX-HD/v1.0/codelists/CL_SEX+SDMX-HD+1.0.xml" xmlns="http://www.SDMX.org/resources/SDMXML/schemas/v2_0/structure">
      <Name xml:lang="en">Biologic Sex</Name>
    </CodeList>
    <CodeList id="CL_GLOCATION" agencyID="SDMX-HD" version="1.0" isFinal="false" urn="urn:sdmx:org.sdmx.infomodel.codelist=SDMX-HD:CL_GLOCATION" isExternalReference="true" uri="./COMMON/SDMX-HD/v1.0/codelists/CL_GLOCATION+SDMX-HD+1.0.xml" xmlns="http://www.SDMX.org/resources/SDMXML/schemas/v2_0/structure">
      <Name xml:lang="en">Geographic Location</Name>
    </CodeList>
    <CodeList id="CL_BY_ADMINISTRATIVE_AREA" agencyID="WHO" version="1.0" isFinal="false" urn="urn:sdmx:org.sdmx.infomodel.codelist=WHO:CL_BY_ADMINISTRATIVE_AREA" isExternalReference="true" uri="./CUSTOM/WHO/v1.0/codelists/CL_BY_ADMINISTRATIVE_AREA+WHO+1.0.xml" xmlns="http://www.SDMX.org/resources/SDMXML/schemas/v2_0/structure">
      <Name xml:lang="EN">By administrative area</Name>
    </CodeList>
    <CodeList id="CL_EDUCATION_LEVEL" agencyID="WHO" version="1.0" isFinal="false" urn="urn:sdmx:org.sdmx.infomodel.codelist=WHO:CL_EDUCATION_LEVEL" isExternalReference="true" uri="./CUSTOM/WHO/v1.0/codelists/CL_EDUCATION_LEVEL+WHO+1.0.xml" xmlns="http://www.SDMX.org/resources/SDMXML/schemas/v2_0/structure">
      <Name xml:lang="EN">Education level</Name>
    </CodeList>
    <CodeList id="CL_WEALTH" agencyID="WHO" version="1.0" isFinal="false" urn="urn:sdmx:org.sdmx.infomodel.codelist=WHO:CL_WEALTH" isExternalReference="true" uri="./CUSTOM/WHO/v1.0/codelists/CL_WEALTH+WHO+1.0.xml" xmlns="http://www.SDMX.org/resources/SDMXML/schemas/v2_0/structure">
      <Name xml:lang="EN">Wealth</Name>
    </CodeList>
    <CodeList id="CL_ISET" agencyID="SDMX-HD" version="1.0" isFinal="false" urn="urn:sdmx:org.sdmx.infomodel.codelist=SDMX-HD:CL_ISET" isExternalReference="true" uri="./additional/SDMX-HD/v1.0/codelists/CL_ISET+SDMX-HD+1.0.xml" xmlns="http://www.SDMX.org/resources/SDMXML/schemas/v2_0/structure">
      <Name xml:lang="en">Indicator Set</Name>
    </CodeList>
  </CodeLists>
  <HierarchicalCodelists>
    <HierarchicalCodelist id="VOLATILE_CODELIST_HIERARCHY" agencyID="SDMX-HD" version="1.0" xmlns="http://www.SDMX.org/resources/SDMXML/schemas/v2_0/structure">
      <Name>hierarchies that change frequently</Name>
      <CodelistRef>
        <AgencyID>SDMX-HD</AgencyID>
        <CodelistID>CL_OPERAND</CodelistID>
        <Version>1.0</Version>
        <Alias>AL_OPERAND</Alias>
      </CodelistRef>
      <CodelistRef>
        <AgencyID>SDMX-HD</AgencyID>
        <CodelistID>CL_INDICATOR</CodelistID>
        <Version>1.0</Version>
        <Alias>AL_INDICATOR</Alias>
      </CodelistRef>
      <CodelistRef>
        <AgencyID>SDMX-HD</AgencyID>
        <CodelistID>CL_ISET</CodelistID>
        <Version>1.0</Version>
        <Alias>AL_INDICATOR_SET</Alias>
      </CodelistRef>
      <CodelistRef>
        <AgencyID>SDMX-HD</AgencyID>
        <CodelistID>CL_DISAGG</CodelistID>
        <Version>1.0</Version>
        <Alias>AL_DISAGG</Alias>
      </CodelistRef>
      <CodelistRef>
        <AgencyID>WHO</AgencyID>
        <CodelistID>CL_TOPIC</CodelistID>
        <Version>1.0</Version>
        <Alias>AL_TOPIC</Alias>
      </CodelistRef>
      <CodelistRef>
        <AgencyID>SDMX-HD</AgencyID>
        <CodelistID>CL_KWORDS</CodelistID>
        <Version>1.0</Version>
        <Alias>AL_KWORDS</Alias>
      </CodelistRef>
      <CodelistRef>
        <AgencyID>SDMX-HD</AgencyID>
        <CodelistID>CL_DSOURCE</CodelistID>
        <Version>1.0</Version>
        <Alias>AL_DSOURCE</Alias>
      </CodelistRef>
      <CodelistRef>
        <AgencyID>WHO</AgencyID>
        <CodelistID>CL_M_E_FRAMEWORK</CodelistID>
        <Version>1.0</Version>
        <Alias>AL_M_E_FRAMEWORK</Alias>
      </CodelistRef>
      <CodelistRef>
        <AgencyID>SDMX-HD</AgencyID>
        <CodelistID>CL_UNIT</CodelistID>
        <Version>1.0</Version>
        <Alias>AL_UNIT</Alias>
      </CodelistRef>
      <CodelistRef>
        <AgencyID>SDMX-HD</AgencyID>
        <CodelistID>CL_MULT</CodelistID>
        <Version>1.0</Version>
        <Alias>AL_MULT</Alias>
      </CodelistRef>
      <CodelistRef>
        <AgencyID>SDMX-HD</AgencyID>
        <CodelistID>CL_SEX</CodelistID>
        <Version>1.0</Version>
        <Alias>AL_SEX</Alias>
      </CodelistRef>
      <CodelistRef>
        <AgencyID>SDMX-HD</AgencyID>
        <CodelistID>CL_GLOCATION</CodelistID>
        <Version>1.0</Version>
        <Alias>AL_GLOCATION</Alias>
      </CodelistRef>
      <CodelistRef>
        <AgencyID>WHO</AgencyID>
        <CodelistID>CL_BY_ADMINISTRATIVE_AREA</CodelistID>
        <Version>1.0</Version>
        <Alias>AL_BY_ADMINISTRATIVE_AREA</Alias>
      </CodelistRef>
      <CodelistRef>
        <AgencyID>WHO</AgencyID>
        <CodelistID>CL_EDUCATION_LEVEL</CodelistID>
        <Version>1.0</Version>
        <Alias>AL_EDUCATION_LEVEL</Alias>
      </CodelistRef>
      <CodelistRef>
        <AgencyID>WHO</AgencyID>
        <CodelistID>CL_WEALTH</CodelistID>
        <Version>1.0</Version>
        <Alias>AL_WEALTH</Alias>
      </CodelistRef>
      <Hierarchy id="INDICATOR_HIERARCHY">
        <Name>Indicator to Indicator to Operand hierarchy</Name>
      </Hierarchy>
      <Hierarchy id="INDICATOR_DISAGGREGATION_HIERARCHY">
        <Name>Indicator Disaggregation Hierarchy</Name>
        <CodeRef>
          <CodelistAliasRef>AL_INDICATOR</CodelistAliasRef>
          <CodeID>1</CodeID>
          <CodeRef>
            <CodelistAliasRef>AL_DISAGG</CodelistAliasRef>
            <CodeID>130</CodeID>
          </CodeRef>
          <CodeRef>
            <CodelistAliasRef>AL_DISAGG</CodelistAliasRef>
            <CodeID>134</CodeID>
          </CodeRef>
          <CodeRef>
            <CodelistAliasRef>AL_BY_ADMINISTRATIVE_AREA</CodelistAliasRef>
            <CodeID>269</CodeID>
          </CodeRef>
          <CodeRef>
            <CodelistAliasRef>AL_BY_ADMINISTRATIVE_AREA</CodelistAliasRef>
            <CodeID>271</CodeID>
          </CodeRef>
          <CodeRef>
            <CodelistAliasRef>AL_WEALTH</CodelistAliasRef>
            <CodeID>277</CodeID>
          </CodeRef>
          <CodeRef>
            <CodelistAliasRef>AL_EDUCATION_LEVEL</CodelistAliasRef>
            <CodeID>275</CodeID>
          </CodeRef>
        </CodeRef>
      </Hierarchy>
      <Hierarchy id="INDICATOR_SET_INDICATOR_HIERARCHY">
        <Name>Indicator Set to Indicator relationship</Name>
      </Hierarchy>
      <Hierarchy id="TOPIC_HIERARCHY">
        <Name>Topic hierarchy</Name>
        <CodeRef>
          <CodelistAliasRef>AL_TOPIC</CodelistAliasRef>
          <CodeID>184</CodeID>
        </CodeRef>
        <CodeRef>
          <CodelistAliasRef>AL_TOPIC</CodelistAliasRef>
          <CodeID>185</CodeID>
          <CodeRef>
            <CodelistAliasRef>AL_TOPIC</CodelistAliasRef>
            <CodeID>421</CodeID>
          </CodeRef>
          <CodeRef>
            <CodelistAliasRef>AL_TOPIC</CodelistAliasRef>
            <CodeID>422</CodeID>
          </CodeRef>
          <CodeRef>
            <CodelistAliasRef>AL_TOPIC</CodelistAliasRef>
            <CodeID>423</CodeID>
          </CodeRef>
        </CodeRef>
        <CodeRef>
          <CodelistAliasRef>AL_TOPIC</CodelistAliasRef>
          <CodeID>186</CodeID>
          <CodeRef>
            <CodelistAliasRef>AL_TOPIC</CodelistAliasRef>
            <CodeID>417</CodeID>
          </CodeRef>
          <CodeRef>
            <CodelistAliasRef>AL_TOPIC</CodelistAliasRef>
            <CodeID>418</CodeID>
          </CodeRef>
          <CodeRef>
            <CodelistAliasRef>AL_TOPIC</CodelistAliasRef>
            <CodeID>419</CodeID>
          </CodeRef>
          <CodeRef>
            <CodelistAliasRef>AL_TOPIC</CodelistAliasRef>
            <CodeID>420</CodeID>
          </CodeRef>
        </CodeRef>
        <CodeRef>
          <CodelistAliasRef>AL_TOPIC</CodelistAliasRef>
          <CodeID>187</CodeID>
          <CodeRef>
            <CodelistAliasRef>AL_TOPIC</CodelistAliasRef>
            <CodeID>424</CodeID>
          </CodeRef>
          <CodeRef>
            <CodelistAliasRef>AL_TOPIC</CodelistAliasRef>
            <CodeID>425</CodeID>
          </CodeRef>
        </CodeRef>
        <CodeRef>
          <CodelistAliasRef>AL_TOPIC</CodelistAliasRef>
          <CodeID>188</CodeID>
        </CodeRef>
        <CodeRef>
          <CodelistAliasRef>AL_TOPIC</CodelistAliasRef>
          <CodeID>189</CodeID>
        </CodeRef>
      </Hierarchy>
      <Hierarchy id="DSOURCE_HIERARCHY">
        <Name>Data Source hierarchy</Name>
        <CodeRef>
          <CodelistAliasRef>AL_DSOURCE</CodelistAliasRef>
          <CodeID>161</CodeID>
        </CodeRef>
        <CodeRef>
          <CodelistAliasRef>AL_DSOURCE</CodelistAliasRef>
          <CodeID>164</CodeID>
        </CodeRef>
        <CodeRef>
          <CodelistAliasRef>AL_DSOURCE</CodelistAliasRef>
          <CodeID>165</CodeID>
        </CodeRef>
        <CodeRef>
          <CodelistAliasRef>AL_DSOURCE</CodelistAliasRef>
          <CodeID>166</CodeID>
        </CodeRef>
        <CodeRef>
          <CodelistAliasRef>AL_DSOURCE</CodelistAliasRef>
          <CodeID>211</CodeID>
        </CodeRef>
        <CodeRef>
          <CodelistAliasRef>AL_DSOURCE</CodelistAliasRef>
          <CodeID>219</CodeID>
          <CodeRef>
            <CodelistAliasRef>AL_DSOURCE</CodelistAliasRef>
            <CodeID>426</CodeID>
          </CodeRef>
          <CodeRef>
            <CodelistAliasRef>AL_DSOURCE</CodelistAliasRef>
            <CodeID>427</CodeID>
          </CodeRef>
        </CodeRef>
        <CodeRef>
          <CodelistAliasRef>AL_DSOURCE</CodelistAliasRef>
          <CodeID>256</CodeID>
        </CodeRef>
        <CodeRef>
          <CodelistAliasRef>AL_DSOURCE</CodelistAliasRef>
          <CodeID>311</CodeID>
        </CodeRef>
        <CodeRef>
          <CodelistAliasRef>AL_DSOURCE</CodelistAliasRef>
          <CodeID>336</CodeID>
        </CodeRef>
        <CodeRef>
          <CodelistAliasRef>AL_DSOURCE</CodelistAliasRef>
          <CodeID>365</CodeID>
          <CodeRef>
            <CodelistAliasRef>AL_DSOURCE</CodelistAliasRef>
            <CodeID>315</CodeID>
          </CodeRef>
          <CodeRef>
            <CodelistAliasRef>AL_DSOURCE</CodelistAliasRef>
            <CodeID>316</CodeID>
          </CodeRef>
        </CodeRef>
        <CodeRef>
          <CodelistAliasRef>AL_DSOURCE</CodelistAliasRef>
          <CodeID>366</CodeID>
          <CodeRef>
            <CodelistAliasRef>AL_DSOURCE</CodelistAliasRef>
            <CodeID>162</CodeID>
          </CodeRef>
          <CodeRef>
            <CodelistAliasRef>AL_DSOURCE</CodelistAliasRef>
            <CodeID>215</CodeID>
          </CodeRef>
        </CodeRef>
        <CodeRef>
          <CodelistAliasRef>AL_DSOURCE</CodelistAliasRef>
          <CodeID>212</CodeID>
        </CodeRef>
        <CodeRef>
          <CodelistAliasRef>AL_DSOURCE</CodelistAliasRef>
          <CodeID>220</CodeID>
        </CodeRef>
        <CodeRef>
          <CodelistAliasRef>AL_DSOURCE</CodelistAliasRef>
          <CodeID>257</CodeID>
        </CodeRef>
        <CodeRef>
          <CodelistAliasRef>AL_DSOURCE</CodelistAliasRef>
          <CodeID>312</CodeID>
        </CodeRef>
        <CodeRef>
          <CodelistAliasRef>AL_DSOURCE</CodelistAliasRef>
          <CodeID>337</CodeID>
        </CodeRef>
      </Hierarchy>
      <Hierarchy id="UNIT_HIERARCHY">
        <Name>Unit hierarchy</Name>
        <CodeRef>
          <CodelistAliasRef>AL_UNIT</CodelistAliasRef>
          <CodeID>101</CodeID>
          <CodeRef>
            <CodelistAliasRef>AL_UNIT</CodelistAliasRef>
            <CodeID>102</CodeID>
          </CodeRef>
          <CodeRef>
            <CodelistAliasRef>AL_UNIT</CodelistAliasRef>
            <CodeID>103</CodeID>
          </CodeRef>
        </CodeRef>
        <CodeRef>
          <CodelistAliasRef>AL_UNIT</CodelistAliasRef>
          <CodeID>104</CodeID>
          <CodeRef>
            <CodelistAliasRef>AL_UNIT</CodelistAliasRef>
            <CodeID>105</CodeID>
          </CodeRef>
          <CodeRef>
            <CodelistAliasRef>AL_UNIT</CodelistAliasRef>
            <CodeID>106</CodeID>
          </CodeRef>
          <CodeRef>
            <CodelistAliasRef>AL_UNIT</CodelistAliasRef>
            <CodeID>378</CodeID>
          </CodeRef>
        </CodeRef>
        <CodeRef>
          <CodelistAliasRef>AL_UNIT</CodelistAliasRef>
          <CodeID>107</CodeID>
          <CodeRef>
            <CodelistAliasRef>AL_UNIT</CodelistAliasRef>
            <CodeID>239</CodeID>
            <CodeRef>
              <CodelistAliasRef>AL_UNIT</CodelistAliasRef>
              <CodeID>294</CodeID>
            </CodeRef>
          </CodeRef>
          <CodeRef>
            <CodelistAliasRef>AL_UNIT</CodelistAliasRef>
            <CodeID>241</CodeID>
            <CodeRef>
              <CodelistAliasRef>AL_UNIT</CodelistAliasRef>
              <CodeID>295</CodeID>
            </CodeRef>
            <CodeRef>
              <CodelistAliasRef>AL_UNIT</CodelistAliasRef>
              <CodeID>296</CodeID>
            </CodeRef>
            <CodeRef>
              <CodelistAliasRef>AL_UNIT</CodelistAliasRef>
              <CodeID>369</CodeID>
            </CodeRef>
            <CodeRef>
              <CodelistAliasRef>AL_UNIT</CodelistAliasRef>
              <CodeID>370</CodeID>
            </CodeRef>
          </CodeRef>
        </CodeRef>
        <CodeRef>
          <CodelistAliasRef>AL_UNIT</CodelistAliasRef>
          <CodeID>242</CodeID>
          <CodeRef>
            <CodelistAliasRef>AL_UNIT</CodelistAliasRef>
            <CodeID>243</CodeID>
          </CodeRef>
          <CodeRef>
            <CodelistAliasRef>AL_UNIT</CodelistAliasRef>
            <CodeID>247</CodeID>
          </CodeRef>
          <CodeRef>
            <CodelistAliasRef>AL_UNIT</CodelistAliasRef>
            <CodeID>248</CodeID>
          </CodeRef>
        </CodeRef>
        <CodeRef>
          <CodelistAliasRef>AL_UNIT</CodelistAliasRef>
          <CodeID>298</CodeID>
          <CodeRef>
            <CodelistAliasRef>AL_UNIT</CodelistAliasRef>
            <CodeID>303</CodeID>
          </CodeRef>
          <CodeRef>
            <CodelistAliasRef>AL_UNIT</CodelistAliasRef>
            <CodeID>334</CodeID>
          </CodeRef>
          <CodeRef>
            <CodelistAliasRef>AL_UNIT</CodelistAliasRef>
            <CodeID>385</CodeID>
          </CodeRef>
        </CodeRef>
        <CodeRef>
          <CodelistAliasRef>AL_UNIT</CodelistAliasRef>
          <CodeID>305</CodeID>
        </CodeRef>
        <CodeRef>
          <CodelistAliasRef>AL_UNIT</CodelistAliasRef>
          <CodeID>346</CodeID>
          <CodeRef>
            <CodelistAliasRef>AL_UNIT</CodelistAliasRef>
            <CodeID>347</CodeID>
          </CodeRef>
          <CodeRef>
            <CodelistAliasRef>AL_UNIT</CodelistAliasRef>
            <CodeID>348</CodeID>
          </CodeRef>
        </CodeRef>
        <CodeRef>
          <CodelistAliasRef>AL_UNIT</CodelistAliasRef>
          <CodeID>361</CodeID>
          <CodeRef>
            <CodelistAliasRef>AL_UNIT</CodelistAliasRef>
            <CodeID>362</CodeID>
          </CodeRef>
          <CodeRef>
            <CodelistAliasRef>AL_UNIT</CodelistAliasRef>
            <CodeID>363</CodeID>
          </CodeRef>
          <CodeRef>
            <CodelistAliasRef>AL_UNIT</CodelistAliasRef>
            <CodeID>373</CodeID>
          </CodeRef>
        </CodeRef>
      </Hierarchy>
    </HierarchicalCodelist>
  </HierarchicalCodelists>
  <Concepts>
    <ConceptScheme id="CS_COMMON" agencyID="SDMX-HD" version="1.0" isFinal="true" isExternalReference="true" uri="./COMMON/SDMX-HD/v1.0/conceptschemes/CS_COMMON+SDMX-HD+1.0.xml" xmlns="http://www.SDMX.org/resources/SDMXML/schemas/v2_0/structure">
      <Name xml:lang="en">SDMX-HD Common Data Elements</Name>
    </ConceptScheme>
    <ConceptScheme id="CS_CUSTOM_WHO" agencyID="WHO" version="1.0" isFinal="false" isExternalReference="true" uri="./CUSTOM/WHO/v1.0/conceptschemes/CS_CUSTOM_WHO+WHO+1.0.xml" xmlns="http://www.SDMX.org/resources/SDMXML/schemas/v2_0/structure">
      <Name xml:lang="EN">WHO concept scheme</Name>
    </ConceptScheme>
    <ConceptScheme id="CS_COMMON_MSD" agencyID="SDMX-HD" version="1.0" isFinal="true" isExternalReference="true" uri="./COMMON/SDMX-HD/v1.0/conceptschemes/CS_COMMON_MSD+SDMX-HD+1.0.xml" xmlns="http://www.SDMX.org/resources/SDMXML/schemas/v2_0/structure">
      <Name xml:lang="en">SDMX-HD Common Metadata Elements</Name>
    </ConceptScheme>
  </Concepts>
  <KeyFamilies>
    <KeyFamily id="SDMX-HD" agencyID="WHO" version="1.0" xmlns="http://www.SDMX.org/resources/SDMXML/schemas/v2_0/structure">
      <Name xml:lang="en">SDMX-HD</Name>
      <Description xml:lang="en">UN SDMX-HD (Health Domain)</Description>
      <Components>
        <Dimension conceptRef="DISEASE" conceptSchemeRef="CS_COMMON" conceptVersion="1.0" conceptSchemeAgency="SDMX-HD" codelist="CL_DISEASE" codelistVersion="1.0" codelistAgency="SDMX-HD" />
        <Dimension conceptRef="GEOGRAPHIC_PLACE_NAME" conceptSchemeRef="CS_COMMON" conceptVersion="1.0" conceptSchemeAgency="SDMX-HD" codelist="CL_GEOGRAPHIC_PLACE_NAME" codelistVersion="1.0" codelistAgency="SDMX-HD" />
        <Dimension conceptRef="ORGANIZATION" conceptSchemeRef="CS_COMMON" conceptVersion="1.0" conceptSchemeAgency="SDMX-HD" codelist="CL_ORGANIZATION" codelistVersion="1.0" codelistAgency="SDMX-HD" />
        <Dimension conceptRef="PROG" conceptSchemeRef="CS_COMMON" conceptVersion="1.0" conceptSchemeAgency="SDMX-HD" codelist="CL_PROGRAM" codelistVersion="1.0" codelistAgency="SDMX-HD" />
        <Dimension conceptRef="INDICATOR" conceptSchemeRef="CS_COMMON" conceptVersion="1.0" conceptSchemeAgency="SDMX-HD" codelist="CL_INDICATOR" codelistVersion="1.0" codelistAgency="SDMX-HD" />
        <Dimension conceptRef="VALUE_TYPE" conceptSchemeRef="CS_COMMON" conceptVersion="1.0" conceptSchemeAgency="SDMX-HD" codelist="CL_VALUE_TYPE" codelistVersion="1.0" codelistAgency="SDMX-HD" />
        <Dimension conceptRef="DISAGG" conceptSchemeRef="CS_COMMON" conceptVersion="1.0" conceptSchemeAgency="SDMX-HD" codelist="CL_DISAGG" codelistVersion="1.0" codelistAgency="SDMX-HD" />
        <Dimension conceptRef="SEX" conceptSchemeRef="CS_COMMON" conceptVersion="1.0" conceptSchemeAgency="SDMX-HD" codelist="CL_SEX" codelistVersion="1.0" codelistAgency="SDMX-HD" />
        <Dimension conceptRef="GLOCATION" conceptSchemeRef="CS_COMMON" conceptVersion="1.0" conceptSchemeAgency="SDMX-HD" codelist="CL_GLOCATION" codelistVersion="1.0" codelistAgency="SDMX-HD" />
        <Dimension conceptRef="BY_ADMINISTRATIVE_AREA" conceptSchemeRef="CS_CUSTOM_WHO" conceptVersion="1.0" conceptSchemeAgency="WHO" codelist="CL_BY_ADMINISTRATIVE_AREA" codelistVersion="1.0" codelistAgency="WHO" />
        <Dimension conceptRef="EDUCATION_LEVEL" conceptSchemeRef="CS_CUSTOM_WHO" conceptVersion="1.0" conceptSchemeAgency="WHO" codelist="CL_EDUCATION_LEVEL" codelistVersion="1.0" codelistAgency="WHO" />
        <Dimension conceptRef="WEALTH" conceptSchemeRef="CS_CUSTOM_WHO" conceptVersion="1.0" conceptSchemeAgency="WHO" codelist="CL_WEALTH" codelistVersion="1.0" codelistAgency="WHO" />
        <TimeDimension conceptRef="TIME_PERIOD" conceptSchemeRef="CS_COMMON" conceptVersion="1.0" conceptSchemeAgency="SDMX-HD" codelist="CL_TIME_PERIOD" codelistVersion="1.0" codelistAgency="SDMX-HD" />
        <PrimaryMeasure conceptRef="OBS_VALUE" conceptSchemeRef="CS_COMMON" conceptVersion="1.0" conceptSchemeAgency="SDMX-HD" />
        <Attribute conceptRef="DATE_COLLECT" conceptSchemeRef="CS_COMMON" conceptVersion="1.0" conceptSchemeAgency="SDMX-HD" attachmentLevel="Observation" assignmentStatus="Mandatory">
          <TextFormat textType="String" />
        </Attribute>
        <Attribute conceptRef="REPEATS" conceptSchemeRef="CS_COMMON" conceptVersion="1.0" conceptSchemeAgency="SDMX-HD" attachmentLevel="Series" assignmentStatus="Mandatory">
          <TextFormat textType="String" />
        </Attribute>
        <Attribute conceptRef="PERIODICITY" conceptSchemeRef="CS_COMMON" conceptVersion="1.0" conceptSchemeAgency="SDMX-HD" codelist="CL_PERIODICITY" codelistVersion="1.0" codelistAgency="SDMX-HD" attachmentLevel="Series" assignmentStatus="Mandatory" />
        <Attribute conceptRef="UNIT" conceptSchemeRef="CS_COMMON" conceptVersion="1.0" conceptSchemeAgency="SDMX-HD" codelist="CL_UNIT" codelistVersion="1.0" codelistAgency="SDMX-HD" attachmentLevel="Series" assignmentStatus="Mandatory" />
        <Attribute conceptRef="SDESIGN" conceptSchemeRef="CS_COMMON" conceptVersion="1.0" conceptSchemeAgency="SDMX-HD" attachmentLevel="Series" assignmentStatus="Conditional">
          <TextFormat textType="String" />
        </Attribute>
        <Attribute conceptRef="DSOURCE" conceptSchemeRef="CS_COMMON" conceptVersion="1.0" conceptSchemeAgency="SDMX-HD" codelist="CL_DSOURCE" codelistVersion="1.0" codelistAgency="SDMX-HD" attachmentLevel="Series" assignmentStatus="Conditional" />
        <Attribute conceptRef="SSIZE" conceptSchemeRef="CS_COMMON" conceptVersion="1.0" conceptSchemeAgency="SDMX-HD" attachmentLevel="Series" assignmentStatus="Conditional">
          <TextFormat textType="String" />
        </Attribute>
        <Attribute conceptRef="MULT" conceptSchemeRef="CS_COMMON" conceptVersion="1.0" conceptSchemeAgency="SDMX-HD" codelist="CL_MULT" codelistVersion="1.0" codelistAgency="SDMX-HD" attachmentLevel="Series" assignmentStatus="Conditional" />
        <Attribute conceptRef="TSTAT" conceptSchemeRef="CS_COMMON" conceptVersion="1.0" conceptSchemeAgency="SDMX-HD" attachmentLevel="Series" assignmentStatus="Conditional">
          <TextFormat textType="String" />
        </Attribute>
        <Attribute conceptRef="COMMENT_IND" conceptSchemeRef="CS_COMMON" conceptVersion="1.0" conceptSchemeAgency="SDMX-HD" attachmentLevel="Series" assignmentStatus="Conditional">
          <TextFormat textType="String" />
        </Attribute>
        <Attribute conceptRef="OPERAND" conceptSchemeRef="CS_COMMON" conceptVersion="1.0" conceptSchemeAgency="SDMX-HD" codelist="CL_OPERAND" codelistVersion="1.0" codelistAgency="SDMX-HD" attachmentLevel="Series" assignmentStatus="Conditional" />
        <Attribute conceptRef="RPERIOD" conceptSchemeRef="CS_COMMON" conceptVersion="1.0" conceptSchemeAgency="SDMX-HD" attachmentLevel="Group" assignmentStatus="Conditional">
          <TextFormat textType="String" />
        </Attribute>
        <Attribute conceptRef="FDATA" conceptSchemeRef="CS_COMMON" conceptVersion="1.0" conceptSchemeAgency="SDMX-HD" attachmentLevel="Group" assignmentStatus="Conditional">
          <TextFormat textType="String" />
        </Attribute>
        <Attribute conceptRef="LDATA" conceptSchemeRef="CS_COMMON" conceptVersion="1.0" conceptSchemeAgency="SDMX-HD" attachmentLevel="Group" assignmentStatus="Conditional">
          <TextFormat textType="String" />
        </Attribute>
        <Attribute conceptRef="RDATA" conceptSchemeRef="CS_COMMON" conceptVersion="1.0" conceptSchemeAgency="SDMX-HD" attachmentLevel="Group" assignmentStatus="Conditional">
          <TextFormat textType="String" />
        </Attribute>
        <Attribute conceptRef="COMMENT_DATASET" conceptSchemeRef="CS_COMMON" conceptVersion="1.0" conceptSchemeAgency="SDMX-HD" attachmentLevel="DataSet" assignmentStatus="Conditional">
          <TextFormat textType="String" />
        </Attribute>
      </Components>
    </KeyFamily>
  </KeyFamilies>
</Structure>