<?xml version="1.0" encoding="UTF-8"?>
<Structure xmlns="http://www.SDMX.org/resources/SDMXML/schemas/v2_0/message" xmlns:structure="http://www.SDMX.org/resources/SDMXML/schemas/v2_0/structure" xmlns:xsi="http://www.w3.org/2001/XMLSchema-instance" xsi:schemaLocation="http://www.SDMX.org/resources/SDMXML/schemas/v2_0/message SDMXMessage.xsd">
  <Header>
    <ID>SDMX-HD-DSD</ID>
    <Test>false</Test>
    <Truncated>false</Truncated>
    <Name xml:lang="en">SDMX Health Domain</Name>
    <Prepared>2009-03-20</Prepared>
    <Sender id="HSID">
      <Name>Health Statistics and Informatics Department </Name>
      <Contact>
        <Name xml:lang="en">Contact Name</Name>
        <Department>Agency Department Name</Department>
        <Telephone>+00.0000.0000</Telephone>
        <Email>user@host.com</Email>
      </Contact>
    </Sender>
    <Extracted>2009-03-20T13:03:46</Extracted>
  </Header>
  <CodeLists>
    <structure:CodeList id="CL_AFRAME" agencyID="SDMX-HD" version="1.0" isFinal="true" urn="urn:sdmx:org.sdmx.infomodel.codelist=SDMX-HD:CL_FRAME">
      <structure:Name xml:lang="en">Analytical Framework</structure:Name>
      <structure:Description xml:lang="en">Analytical framework.</structure:Description>
      <structure:Code value="1" urn="urn:sdmx:org.sdmx.infomodel.codelist.Code=SDMX-HD:CL_FRAME[1.0].1">
        <structure:Description xml:lang="en">Input</structure:Description> 
      </structure:Code>
      <structure:Code value="2" urn="urn:sdmx:org.sdmx.infomodel.codelist.Code=SDMX-HD:CL_FRAME[1.0].2">
        <structure:Description xml:lang="en">Output</structure:Description>       
      </structure:Code>
      <structure:Code value="3" urn="urn:sdmx:org.sdmx.infomodel.codelist.Code=SDMX-HD:CL_FRAME[1.0].3">
        <structure:Description xml:lang="en">Outcome</structure:Description>     
      </structure:Code>
      <structure:Code value="4" urn="urn:sdmx:org.sdmx.infomodel.codelist.Code=SDMX-HD:CL_FRAME[1.0].4">
        <structure:Description xml:lang="en">Impact</structure:Description>   
      </structure:Code>
    </structure:CodeList>
  </CodeLists>
</Structure>

