<?xml version="1.0" encoding="UTF-8"?>
<Structure xmlns="http://www.SDMX.org/resources/SDMXML/schemas/v2_0/message" xmlns:structure="http://www.SDMX.org/resources/SDMXML/schemas/v2_0/structure" xmlns:xsi="http://www.w3.org/2001/XMLSchema-instance" xsi:schemaLocation="http://www.SDMX.org/resources/SDMXML/schemas/v2_0/message SDMXMessage.xsd">
  <Header>
    <ID>SDMX-HD-DSD</ID>
    <Test>false</Test>
    <Truncated>false</Truncated>
    <Name xml:lang="en">SDMX Health Domain</Name>
    <Prepared>2009-03-20</Prepared>
    <Sender id="HSID">
      <Name>Health Statistics and Informatics Department </Name>
      <Contact>
        <Name xml:lang="en">Contact Name</Name>
        <Department>Agency Department Name</Department>
        <Telephone>+00.0000.0000</Telephone>
        <Email>user@host.com</Email>
      </Contact>
    </Sender>
    <Extracted>2009-03-20T13:03:46</Extracted>
  </Header>
  <CodeLists>
    <structure:CodeList id="CL_CURRENCY" agencyID="SDMX-HD" version="1.0" isFinal="true" urn="urn:sdmx:org.sdmx.infomodel.codelist=SDMX-HD:CL_CURRENCY">
      <structure:Name xml:lang="en">Currency</structure:Name>
      <structure:Description xml:lang="en">Currency.</structure:Description>
      <structure:Code value="1"  urn="urn:sdmx:org.sdmx.infomodel.codelist.Code=SDMX-HD:CL_CURRENCY[1.0].1">
        <structure:Description xml:lang="en">Afghanistan afghani AFA</structure:Description>
      </structure:Code>
      <structure:Code value="2"  urn="urn:sdmx:org.sdmx.infomodel.codelist.Code=SDMX-HD:CL_CURRENCY[1.0].2">
        <structure:Description xml:lang="en">Albanian lek ALL</structure:Description>
      </structure:Code>
      <structure:Code value="3"  urn="urn:sdmx:org.sdmx.infomodel.codelist.Code=SDMX-HD:CL_CURRENCY[1.0].3">
        <structure:Description xml:lang="en">Algerian dinar DZD</structure:Description>
      </structure:Code>
      <structure:Code value="4"  urn="urn:sdmx:org.sdmx.infomodel.codelist.Code=SDMX-HD:CL_CURRENCY[1.0].4">
        <structure:Description xml:lang="en">Angolan kwanza reajustado AOR</structure:Description>
      </structure:Code>
      <structure:Code value="5"  urn="urn:sdmx:org.sdmx.infomodel.codelist.Code=SDMX-HD:CL_CURRENCY[1.0].5">
        <structure:Description xml:lang="en">Argentine peso ARS</structure:Description>
      </structure:Code>
      <structure:Code value="6"  urn="urn:sdmx:org.sdmx.infomodel.codelist.Code=SDMX-HD:CL_CURRENCY[1.0].6">
        <structure:Description xml:lang="en">Armenian dram AMD</structure:Description>
      </structure:Code>
      <structure:Code value="7"  urn="urn:sdmx:org.sdmx.infomodel.codelist.Code=SDMX-HD:CL_CURRENCY[1.0].7">
        <structure:Description xml:lang="en">Aruban guilder AWG</structure:Description>
      </structure:Code>
      <structure:Code value="8"  urn="urn:sdmx:org.sdmx.infomodel.codelist.Code=SDMX-HD:CL_CURRENCY[1.0].8">
        <structure:Description xml:lang="en">Australian dollar AUD</structure:Description>
      </structure:Code>
      <structure:Code value="9"  urn="urn:sdmx:org.sdmx.infomodel.codelist.Code=SDMX-HD:CL_CURRENCY[1.0].9">
        <structure:Description xml:lang="en">Azerbaijanian new manat AZN</structure:Description>
      </structure:Code>
      <structure:Code value="10"  urn="urn:sdmx:org.sdmx.infomodel.codelist.Code=SDMX-HD:CL_CURRENCY[1.0].10">
        <structure:Description xml:lang="en">Bahamian dollar BSD</structure:Description>
      </structure:Code>
      <structure:Code value="11"  urn="urn:sdmx:org.sdmx.infomodel.codelist.Code=SDMX-HD:CL_CURRENCY[1.0].11">
        <structure:Description xml:lang="en">Bahraini dinar BHD</structure:Description>
      </structure:Code>
      <structure:Code value="12"  urn="urn:sdmx:org.sdmx.infomodel.codelist.Code=SDMX-HD:CL_CURRENCY[1.0].12">
        <structure:Description xml:lang="en">Bangladeshi taka BDT</structure:Description>
      </structure:Code>
      <structure:Code value="13"  urn="urn:sdmx:org.sdmx.infomodel.codelist.Code=SDMX-HD:CL_CURRENCY[1.0].13">
        <structure:Description xml:lang="en">Barbados dollar BBD</structure:Description>
      </structure:Code>
      <structure:Code value="14"  urn="urn:sdmx:org.sdmx.infomodel.codelist.Code=SDMX-HD:CL_CURRENCY[1.0].14">
        <structure:Description xml:lang="en">Belarusian ruble BYR</structure:Description>
      </structure:Code>
      <structure:Code value="15"  urn="urn:sdmx:org.sdmx.infomodel.codelist.Code=SDMX-HD:CL_CURRENCY[1.0].15">
        <structure:Description xml:lang="en">Belize dollar BZD</structure:Description>
      </structure:Code>
      <structure:Code value="16"  urn="urn:sdmx:org.sdmx.infomodel.codelist.Code=SDMX-HD:CL_CURRENCY[1.0].16">
        <structure:Description xml:lang="en">Bermudian dollar BMD</structure:Description>
      </structure:Code>
      <structure:Code value="17"  urn="urn:sdmx:org.sdmx.infomodel.codelist.Code=SDMX-HD:CL_CURRENCY[1.0].17">
        <structure:Description xml:lang="en">Bhutan ngultrum BTN</structure:Description>
      </structure:Code>
      <structure:Code value="18"  urn="urn:sdmx:org.sdmx.infomodel.codelist.Code=SDMX-HD:CL_CURRENCY[1.0].18">
        <structure:Description xml:lang="en">Bolivian boliviano BOB</structure:Description>
      </structure:Code>
      <structure:Code value="19"  urn="urn:sdmx:org.sdmx.infomodel.codelist.Code=SDMX-HD:CL_CURRENCY[1.0].19">
        <structure:Description xml:lang="en">Botswana pula BWP</structure:Description>
      </structure:Code>
      <structure:Code value="20"  urn="urn:sdmx:org.sdmx.infomodel.codelist.Code=SDMX-HD:CL_CURRENCY[1.0].20">
        <structure:Description xml:lang="en">Brazilian real BRL</structure:Description>
      </structure:Code>
      <structure:Code value="21"  urn="urn:sdmx:org.sdmx.infomodel.codelist.Code=SDMX-HD:CL_CURRENCY[1.0].21">
        <structure:Description xml:lang="en">British pound GBP</structure:Description>
      </structure:Code>
      <structure:Code value="22"  urn="urn:sdmx:org.sdmx.infomodel.codelist.Code=SDMX-HD:CL_CURRENCY[1.0].22">
        <structure:Description xml:lang="en">Brunei dollar BND</structure:Description>
      </structure:Code>
      <structure:Code value="23"  urn="urn:sdmx:org.sdmx.infomodel.codelist.Code=SDMX-HD:CL_CURRENCY[1.0].23">
        <structure:Description xml:lang="en">Bulgarian lev BGN</structure:Description>
      </structure:Code>
      <structure:Code value="24"  urn="urn:sdmx:org.sdmx.infomodel.codelist.Code=SDMX-HD:CL_CURRENCY[1.0].24">
        <structure:Description xml:lang="en">Burundi franc BIF</structure:Description>
      </structure:Code>
      <structure:Code value="25"  urn="urn:sdmx:org.sdmx.infomodel.codelist.Code=SDMX-HD:CL_CURRENCY[1.0].25">
        <structure:Description xml:lang="en">Cambodian riel KHR</structure:Description>
      </structure:Code>
      <structure:Code value="26"  urn="urn:sdmx:org.sdmx.infomodel.codelist.Code=SDMX-HD:CL_CURRENCY[1.0].26">
        <structure:Description xml:lang="en">Canadian dollar CAD</structure:Description>
      </structure:Code>
      <structure:Code value="27"  urn="urn:sdmx:org.sdmx.infomodel.codelist.Code=SDMX-HD:CL_CURRENCY[1.0].27">
        <structure:Description xml:lang="en">Cape Verde escudo CVE</structure:Description>
      </structure:Code>
      <structure:Code value="28"  urn="urn:sdmx:org.sdmx.infomodel.codelist.Code=SDMX-HD:CL_CURRENCY[1.0].28">
        <structure:Description xml:lang="en">Cayman Islands dollar KYD</structure:Description>
      </structure:Code>
      <structure:Code value="29"  urn="urn:sdmx:org.sdmx.infomodel.codelist.Code=SDMX-HD:CL_CURRENCY[1.0].29">
        <structure:Description xml:lang="en">CFA franc BCEAO XOF</structure:Description>
      </structure:Code>
      <structure:Code value="30"  urn="urn:sdmx:org.sdmx.infomodel.codelist.Code=SDMX-HD:CL_CURRENCY[1.0].30">
        <structure:Description xml:lang="en">CFA franc BEAC XAF</structure:Description>
      </structure:Code>
      <structure:Code value="31"  urn="urn:sdmx:org.sdmx.infomodel.codelist.Code=SDMX-HD:CL_CURRENCY[1.0].31">
        <structure:Description xml:lang="en">CFP franc XPF</structure:Description>
      </structure:Code>
      <structure:Code value="32"  urn="urn:sdmx:org.sdmx.infomodel.codelist.Code=SDMX-HD:CL_CURRENCY[1.0].32">
        <structure:Description xml:lang="en">Chilean peso CLP</structure:Description>
      </structure:Code>
      <structure:Code value="33"  urn="urn:sdmx:org.sdmx.infomodel.codelist.Code=SDMX-HD:CL_CURRENCY[1.0].33">
        <structure:Description xml:lang="en">Chinese yuan renminbi CNY</structure:Description>
      </structure:Code>
      <structure:Code value="34"  urn="urn:sdmx:org.sdmx.infomodel.codelist.Code=SDMX-HD:CL_CURRENCY[1.0].34">
        <structure:Description xml:lang="en">Colombian peso COP</structure:Description>
      </structure:Code>
      <structure:Code value="35"  urn="urn:sdmx:org.sdmx.infomodel.codelist.Code=SDMX-HD:CL_CURRENCY[1.0].35">
        <structure:Description xml:lang="en">Comoros franc KMF</structure:Description>
      </structure:Code>
      <structure:Code value="36"  urn="urn:sdmx:org.sdmx.infomodel.codelist.Code=SDMX-HD:CL_CURRENCY[1.0].36">
        <structure:Description xml:lang="en">Congolese franc CDF</structure:Description>
      </structure:Code>
      <structure:Code value="37"  urn="urn:sdmx:org.sdmx.infomodel.codelist.Code=SDMX-HD:CL_CURRENCY[1.0].37">
        <structure:Description xml:lang="en">Costa Rican colon CRC</structure:Description>
      </structure:Code>
      <structure:Code value="38"  urn="urn:sdmx:org.sdmx.infomodel.codelist.Code=SDMX-HD:CL_CURRENCY[1.0].38">
        <structure:Description xml:lang="en">Croatian kuna HRK</structure:Description>
      </structure:Code>
      <structure:Code value="39"  urn="urn:sdmx:org.sdmx.infomodel.codelist.Code=SDMX-HD:CL_CURRENCY[1.0].39">
        <structure:Description xml:lang="en">Cuban peso CUP</structure:Description>
      </structure:Code>
      <structure:Code value="40"  urn="urn:sdmx:org.sdmx.infomodel.codelist.Code=SDMX-HD:CL_CURRENCY[1.0].40">
        <structure:Description xml:lang="en">Czech koruna CZK</structure:Description>
      </structure:Code>
      <structure:Code value="41"  urn="urn:sdmx:org.sdmx.infomodel.codelist.Code=SDMX-HD:CL_CURRENCY[1.0].41">
        <structure:Description xml:lang="en">Danish krone DKK</structure:Description>
      </structure:Code>
      <structure:Code value="42"  urn="urn:sdmx:org.sdmx.infomodel.codelist.Code=SDMX-HD:CL_CURRENCY[1.0].42">
        <structure:Description xml:lang="en">Djibouti franc DJF</structure:Description>
      </structure:Code>
      <structure:Code value="43"  urn="urn:sdmx:org.sdmx.infomodel.codelist.Code=SDMX-HD:CL_CURRENCY[1.0].43">
        <structure:Description xml:lang="en">Dominican peso DOP</structure:Description>
      </structure:Code>
      <structure:Code value="44"  urn="urn:sdmx:org.sdmx.infomodel.codelist.Code=SDMX-HD:CL_CURRENCY[1.0].44">
        <structure:Description xml:lang="en">East Caribbean dollar XCD</structure:Description>
      </structure:Code>
      <structure:Code value="45"  urn="urn:sdmx:org.sdmx.infomodel.codelist.Code=SDMX-HD:CL_CURRENCY[1.0].45">
        <structure:Description xml:lang="en">Egyptian pound EGP</structure:Description>
      </structure:Code>
      <structure:Code value="46"  urn="urn:sdmx:org.sdmx.infomodel.codelist.Code=SDMX-HD:CL_CURRENCY[1.0].46">
        <structure:Description xml:lang="en">El Salvador colon SVC</structure:Description>
      </structure:Code>
      <structure:Code value="47"  urn="urn:sdmx:org.sdmx.infomodel.codelist.Code=SDMX-HD:CL_CURRENCY[1.0].47">
        <structure:Description xml:lang="en">Eritrean nakfa ERN</structure:Description>
      </structure:Code>
      <structure:Code value="48"  urn="urn:sdmx:org.sdmx.infomodel.codelist.Code=SDMX-HD:CL_CURRENCY[1.0].48">
        <structure:Description xml:lang="en">Estonian kroon EEK</structure:Description>
      </structure:Code>
      <structure:Code value="49"  urn="urn:sdmx:org.sdmx.infomodel.codelist.Code=SDMX-HD:CL_CURRENCY[1.0].49">
        <structure:Description xml:lang="en">Ethiopian birr ETB</structure:Description>
      </structure:Code>
      <structure:Code value="50"  urn="urn:sdmx:org.sdmx.infomodel.codelist.Code=SDMX-HD:CL_CURRENCY[1.0].50">
        <structure:Description xml:lang="en">EU euro EUR</structure:Description>
      </structure:Code>
      <structure:Code value="51"  urn="urn:sdmx:org.sdmx.infomodel.codelist.Code=SDMX-HD:CL_CURRENCY[1.0].51">
        <structure:Description xml:lang="en">Falkland Islands pound FKP</structure:Description>
      </structure:Code>
      <structure:Code value="52"  urn="urn:sdmx:org.sdmx.infomodel.codelist.Code=SDMX-HD:CL_CURRENCY[1.0].52">
        <structure:Description xml:lang="en">Fiji dollar FJD</structure:Description>
      </structure:Code>
      <structure:Code value="53"  urn="urn:sdmx:org.sdmx.infomodel.codelist.Code=SDMX-HD:CL_CURRENCY[1.0].53">
        <structure:Description xml:lang="en">Gambian dalasi GMD</structure:Description>
      </structure:Code>
      <structure:Code value="54"  urn="urn:sdmx:org.sdmx.infomodel.codelist.Code=SDMX-HD:CL_CURRENCY[1.0].54">
        <structure:Description xml:lang="en">Georgian lari GEL</structure:Description>
      </structure:Code>
      <structure:Code value="55"  urn="urn:sdmx:org.sdmx.infomodel.codelist.Code=SDMX-HD:CL_CURRENCY[1.0].55">
        <structure:Description xml:lang="en">Ghanaian new cedi GHS</structure:Description>
      </structure:Code>
      <structure:Code value="56"  urn="urn:sdmx:org.sdmx.infomodel.codelist.Code=SDMX-HD:CL_CURRENCY[1.0].56">
        <structure:Description xml:lang="en">Gibraltar pound GIP</structure:Description>
      </structure:Code>
      <structure:Code value="57"  urn="urn:sdmx:org.sdmx.infomodel.codelist.Code=SDMX-HD:CL_CURRENCY[1.0].57">
        <structure:Description xml:lang="en">Gold (ounce) XAU</structure:Description>
      </structure:Code>
      <structure:Code value="58"  urn="urn:sdmx:org.sdmx.infomodel.codelist.Code=SDMX-HD:CL_CURRENCY[1.0].58">
        <structure:Description xml:lang="en">Gold franc XFO</structure:Description>
      </structure:Code>
      <structure:Code value="59"  urn="urn:sdmx:org.sdmx.infomodel.codelist.Code=SDMX-HD:CL_CURRENCY[1.0].59">
        <structure:Description xml:lang="en">Guatemalan quetzal GTQ</structure:Description>
      </structure:Code>
      <structure:Code value="60"  urn="urn:sdmx:org.sdmx.infomodel.codelist.Code=SDMX-HD:CL_CURRENCY[1.0].60">
        <structure:Description xml:lang="en">Guinean franc GNF</structure:Description>
      </structure:Code>
      <structure:Code value="61"  urn="urn:sdmx:org.sdmx.infomodel.codelist.Code=SDMX-HD:CL_CURRENCY[1.0].61">
        <structure:Description xml:lang="en">Guyana dollar GYD</structure:Description>
      </structure:Code>
      <structure:Code value="62"  urn="urn:sdmx:org.sdmx.infomodel.codelist.Code=SDMX-HD:CL_CURRENCY[1.0].62">
        <structure:Description xml:lang="en">Haitian gourde HTG</structure:Description>
      </structure:Code>
      <structure:Code value="63"  urn="urn:sdmx:org.sdmx.infomodel.codelist.Code=SDMX-HD:CL_CURRENCY[1.0].63">
        <structure:Description xml:lang="en">Honduran lempira HNL</structure:Description>
      </structure:Code>
      <structure:Code value="64"  urn="urn:sdmx:org.sdmx.infomodel.codelist.Code=SDMX-HD:CL_CURRENCY[1.0].64">
        <structure:Description xml:lang="en">Hong Kong SAR dollar HKD</structure:Description>
      </structure:Code>
      <structure:Code value="65"  urn="urn:sdmx:org.sdmx.infomodel.codelist.Code=SDMX-HD:CL_CURRENCY[1.0].65">
        <structure:Description xml:lang="en">Hungarian forint HUF</structure:Description>
      </structure:Code>
      <structure:Code value="66"  urn="urn:sdmx:org.sdmx.infomodel.codelist.Code=SDMX-HD:CL_CURRENCY[1.0].66">
        <structure:Description xml:lang="en">Icelandic krona ISK</structure:Description>
      </structure:Code>
      <structure:Code value="67"  urn="urn:sdmx:org.sdmx.infomodel.codelist.Code=SDMX-HD:CL_CURRENCY[1.0].67">
        <structure:Description xml:lang="en">IMF special drawing right XDR</structure:Description>
      </structure:Code>
      <structure:Code value="68"  urn="urn:sdmx:org.sdmx.infomodel.codelist.Code=SDMX-HD:CL_CURRENCY[1.0].68">
        <structure:Description xml:lang="en">Indian rupee INR</structure:Description>
      </structure:Code>
      <structure:Code value="69"  urn="urn:sdmx:org.sdmx.infomodel.codelist.Code=SDMX-HD:CL_CURRENCY[1.0].69">
        <structure:Description xml:lang="en">Indonesian rupiah IDR</structure:Description>
      </structure:Code>
      <structure:Code value="70"  urn="urn:sdmx:org.sdmx.infomodel.codelist.Code=SDMX-HD:CL_CURRENCY[1.0].70">
        <structure:Description xml:lang="en">Iranian rial IRR</structure:Description>
      </structure:Code>
      <structure:Code value="71"  urn="urn:sdmx:org.sdmx.infomodel.codelist.Code=SDMX-HD:CL_CURRENCY[1.0].71">
        <structure:Description xml:lang="en">Iraqi dinar IQD</structure:Description>
      </structure:Code>
      <structure:Code value="72"  urn="urn:sdmx:org.sdmx.infomodel.codelist.Code=SDMX-HD:CL_CURRENCY[1.0].72">
        <structure:Description xml:lang="en">Israeli new shekel ILS</structure:Description>
      </structure:Code>
      <structure:Code value="73"  urn="urn:sdmx:org.sdmx.infomodel.codelist.Code=SDMX-HD:CL_CURRENCY[1.0].73">
        <structure:Description xml:lang="en">Jamaican dollar JMD</structure:Description>
      </structure:Code>
      <structure:Code value="74"  urn="urn:sdmx:org.sdmx.infomodel.codelist.Code=SDMX-HD:CL_CURRENCY[1.0].74">
        <structure:Description xml:lang="en">Japanese yen JPY</structure:Description>
      </structure:Code>
      <structure:Code value="75"  urn="urn:sdmx:org.sdmx.infomodel.codelist.Code=SDMX-HD:CL_CURRENCY[1.0].75">
        <structure:Description xml:lang="en">Jordanian dinar JOD</structure:Description>
      </structure:Code>
      <structure:Code value="76"  urn="urn:sdmx:org.sdmx.infomodel.codelist.Code=SDMX-HD:CL_CURRENCY[1.0].76">
        <structure:Description xml:lang="en">Kazakh tenge KZT</structure:Description>
      </structure:Code>
      <structure:Code value="77"  urn="urn:sdmx:org.sdmx.infomodel.codelist.Code=SDMX-HD:CL_CURRENCY[1.0].77">
        <structure:Description xml:lang="en">Kenyan shilling KES</structure:Description>
      </structure:Code>
      <structure:Code value="78"  urn="urn:sdmx:org.sdmx.infomodel.codelist.Code=SDMX-HD:CL_CURRENCY[1.0].78">
        <structure:Description xml:lang="en">Kuwaiti dinar KWD</structure:Description>
      </structure:Code>
      <structure:Code value="79"  urn="urn:sdmx:org.sdmx.infomodel.codelist.Code=SDMX-HD:CL_CURRENCY[1.0].79">
        <structure:Description xml:lang="en">Kyrgyz som KGS</structure:Description>
      </structure:Code>
      <structure:Code value="80"  urn="urn:sdmx:org.sdmx.infomodel.codelist.Code=SDMX-HD:CL_CURRENCY[1.0].80">
        <structure:Description xml:lang="en">Lao kip LAK</structure:Description>
      </structure:Code>
      <structure:Code value="81"  urn="urn:sdmx:org.sdmx.infomodel.codelist.Code=SDMX-HD:CL_CURRENCY[1.0].81">
        <structure:Description xml:lang="en">Latvian lats LVL</structure:Description>
      </structure:Code>
      <structure:Code value="82"  urn="urn:sdmx:org.sdmx.infomodel.codelist.Code=SDMX-HD:CL_CURRENCY[1.0].82">
        <structure:Description xml:lang="en">Lebanese pound LBP</structure:Description>
      </structure:Code>
      <structure:Code value="83"  urn="urn:sdmx:org.sdmx.infomodel.codelist.Code=SDMX-HD:CL_CURRENCY[1.0].83">
        <structure:Description xml:lang="en">Lesotho loti LSL</structure:Description>
      </structure:Code>
      <structure:Code value="84"  urn="urn:sdmx:org.sdmx.infomodel.codelist.Code=SDMX-HD:CL_CURRENCY[1.0].84">
        <structure:Description xml:lang="en">Liberian dollar LRD</structure:Description>
      </structure:Code>
      <structure:Code value="85"  urn="urn:sdmx:org.sdmx.infomodel.codelist.Code=SDMX-HD:CL_CURRENCY[1.0].85">
        <structure:Description xml:lang="en">Libyan dinar LYD</structure:Description>
      </structure:Code>
      <structure:Code value="86"  urn="urn:sdmx:org.sdmx.infomodel.codelist.Code=SDMX-HD:CL_CURRENCY[1.0].86">
        <structure:Description xml:lang="en">Lithuanian litas LTL</structure:Description>
      </structure:Code>
      <structure:Code value="87"  urn="urn:sdmx:org.sdmx.infomodel.codelist.Code=SDMX-HD:CL_CURRENCY[1.0].87">
        <structure:Description xml:lang="en">Macao SAR pataca MOP</structure:Description>
      </structure:Code>
      <structure:Code value="88"  urn="urn:sdmx:org.sdmx.infomodel.codelist.Code=SDMX-HD:CL_CURRENCY[1.0].88">
        <structure:Description xml:lang="en">Macedonian denar MKD</structure:Description>
      </structure:Code>
      <structure:Code value="89"  urn="urn:sdmx:org.sdmx.infomodel.codelist.Code=SDMX-HD:CL_CURRENCY[1.0].89">
        <structure:Description xml:lang="en">Malagasy ariary MGA</structure:Description>
      </structure:Code>
      <structure:Code value="90"  urn="urn:sdmx:org.sdmx.infomodel.codelist.Code=SDMX-HD:CL_CURRENCY[1.0].90">
        <structure:Description xml:lang="en">Malawi kwacha MWK</structure:Description>
      </structure:Code>
      <structure:Code value="91"  urn="urn:sdmx:org.sdmx.infomodel.codelist.Code=SDMX-HD:CL_CURRENCY[1.0].91">
        <structure:Description xml:lang="en">Malaysian ringgit MYR</structure:Description>
      </structure:Code>
      <structure:Code value="92"  urn="urn:sdmx:org.sdmx.infomodel.codelist.Code=SDMX-HD:CL_CURRENCY[1.0].92">
        <structure:Description xml:lang="en">Maldivian rufiyaa MVR</structure:Description>
      </structure:Code>
      <structure:Code value="93"  urn="urn:sdmx:org.sdmx.infomodel.codelist.Code=SDMX-HD:CL_CURRENCY[1.0].93">
        <structure:Description xml:lang="en">Mauritanian ouguiya MRO</structure:Description>
      </structure:Code>
      <structure:Code value="94"  urn="urn:sdmx:org.sdmx.infomodel.codelist.Code=SDMX-HD:CL_CURRENCY[1.0].94">
        <structure:Description xml:lang="en">Mauritius rupee MUR</structure:Description>
      </structure:Code>
      <structure:Code value="95"  urn="urn:sdmx:org.sdmx.infomodel.codelist.Code=SDMX-HD:CL_CURRENCY[1.0].95">
        <structure:Description xml:lang="en">Mexican peso MXN</structure:Description>
      </structure:Code>
      <structure:Code value="96"  urn="urn:sdmx:org.sdmx.infomodel.codelist.Code=SDMX-HD:CL_CURRENCY[1.0].96">
        <structure:Description xml:lang="en">Moldovan leu MDL</structure:Description>
      </structure:Code>
      <structure:Code value="97"  urn="urn:sdmx:org.sdmx.infomodel.codelist.Code=SDMX-HD:CL_CURRENCY[1.0].97">
        <structure:Description xml:lang="en">Mongolian tugrik MNT</structure:Description>
      </structure:Code>
      <structure:Code value="98"  urn="urn:sdmx:org.sdmx.infomodel.codelist.Code=SDMX-HD:CL_CURRENCY[1.0].98">
        <structure:Description xml:lang="en">Moroccan dirham MAD</structure:Description>
      </structure:Code>
      <structure:Code value="99"  urn="urn:sdmx:org.sdmx.infomodel.codelist.Code=SDMX-HD:CL_CURRENCY[1.0].99">
        <structure:Description xml:lang="en">Mozambique new metical MZN</structure:Description>
      </structure:Code>
      <structure:Code value="100"  urn="urn:sdmx:org.sdmx.infomodel.codelist.Code=SDMX-HD:CL_CURRENCY[1.0].100">
        <structure:Description xml:lang="en">Myanmar kyat MMK</structure:Description>
      </structure:Code>
      <structure:Code value="101"  urn="urn:sdmx:org.sdmx.infomodel.codelist.Code=SDMX-HD:CL_CURRENCY[1.0].101">
        <structure:Description xml:lang="en">Namibian dollar NAD</structure:Description>
      </structure:Code>
      <structure:Code value="102"  urn="urn:sdmx:org.sdmx.infomodel.codelist.Code=SDMX-HD:CL_CURRENCY[1.0].102">
        <structure:Description xml:lang="en">Nepalese rupee NPR</structure:Description>
      </structure:Code>
      <structure:Code value="103"  urn="urn:sdmx:org.sdmx.infomodel.codelist.Code=SDMX-HD:CL_CURRENCY[1.0].103">
        <structure:Description xml:lang="en">Netherlands Antillian guilder ANG</structure:Description>
      </structure:Code>
      <structure:Code value="104" urn="urn:sdmx:org.sdmx.infomodel.codelist.Code=SDMX-HD:CL_CURRENCY[1.0].104">
        <structure:Description xml:lang="en">New Zealand dollar NZD</structure:Description>
      </structure:Code>
      <structure:Code value="105" urn="urn:sdmx:org.sdmx.infomodel.codelist.Code=SDMX-HD:CL_CURRENCY[1.0].105">
        <structure:Description xml:lang="en">Nicaraguan cordoba oro NIO</structure:Description>
      </structure:Code>
      <structure:Code value="106" urn="urn:sdmx:org.sdmx.infomodel.codelist.Code=SDMX-HD:CL_CURRENCY[1.0].106">
        <structure:Description xml:lang="en">Nigerian naira NGN</structure:Description>
      </structure:Code>
      <structure:Code value="107" urn="urn:sdmx:org.sdmx.infomodel.codelist.Code=SDMX-HD:CL_CURRENCY[1.0].107">
        <structure:Description xml:lang="en">North Korean won KPW</structure:Description>
      </structure:Code>
      <structure:Code value="108" urn="urn:sdmx:org.sdmx.infomodel.codelist.Code=SDMX-HD:CL_CURRENCY[1.0].108">
        <structure:Description xml:lang="en">Norwegian krone NOK</structure:Description>
      </structure:Code>
      <structure:Code value="109" urn="urn:sdmx:org.sdmx.infomodel.codelist.Code=SDMX-HD:CL_CURRENCY[1.0].109">
        <structure:Description xml:lang="en">Omani rial OMR</structure:Description>
      </structure:Code>
      <structure:Code value="110" urn="urn:sdmx:org.sdmx.infomodel.codelist.Code=SDMX-HD:CL_CURRENCY[1.0].110">
        <structure:Description xml:lang="en">Pakistani rupee PKR</structure:Description>
      </structure:Code>
      <structure:Code value="111" urn="urn:sdmx:org.sdmx.infomodel.codelist.Code=SDMX-HD:CL_CURRENCY[1.0].111">
        <structure:Description xml:lang="en">Palladium (ounce) XPD</structure:Description>
      </structure:Code>
      <structure:Code value="112" urn="urn:sdmx:org.sdmx.infomodel.codelist.Code=SDMX-HD:CL_CURRENCY[1.0].112">
        <structure:Description xml:lang="en">Panamanian balboa PAB</structure:Description>
      </structure:Code>
      <structure:Code value="113" urn="urn:sdmx:org.sdmx.infomodel.codelist.Code=SDMX-HD:CL_CURRENCY[1.0].113">
        <structure:Description xml:lang="en">Papua New Guinea kina PGK</structure:Description>
      </structure:Code>
      <structure:Code value="114" urn="urn:sdmx:org.sdmx.infomodel.codelist.Code=SDMX-HD:CL_CURRENCY[1.0].114">
        <structure:Description xml:lang="en">Paraguayan guarani PYG</structure:Description>
      </structure:Code>
      <structure:Code value="115" urn="urn:sdmx:org.sdmx.infomodel.codelist.Code=SDMX-HD:CL_CURRENCY[1.0].115">
        <structure:Description xml:lang="en">Peruvian nuevo sol PEN</structure:Description>
      </structure:Code>
      <structure:Code value="116" urn="urn:sdmx:org.sdmx.infomodel.codelist.Code=SDMX-HD:CL_CURRENCY[1.0].116">
        <structure:Description xml:lang="en">Philippine peso PHP</structure:Description>
      </structure:Code>
      <structure:Code value="117" urn="urn:sdmx:org.sdmx.infomodel.codelist.Code=SDMX-HD:CL_CURRENCY[1.0].117">
        <structure:Description xml:lang="en">Platinum (ounce) XPT</structure:Description>
      </structure:Code>
      <structure:Code value="118" urn="urn:sdmx:org.sdmx.infomodel.codelist.Code=SDMX-HD:CL_CURRENCY[1.0].118">
        <structure:Description xml:lang="en">Polish zloty PLN</structure:Description>
      </structure:Code>
      <structure:Code value="119" urn="urn:sdmx:org.sdmx.infomodel.codelist.Code=SDMX-HD:CL_CURRENCY[1.0].119">
        <structure:Description xml:lang="en">Qatari rial QAR</structure:Description>
      </structure:Code>
      <structure:Code value="120" urn="urn:sdmx:org.sdmx.infomodel.codelist.Code=SDMX-HD:CL_CURRENCY[1.0].120">
        <structure:Description xml:lang="en">Romanian new leu RON</structure:Description>
      </structure:Code>
      <structure:Code value="121" urn="urn:sdmx:org.sdmx.infomodel.codelist.Code=SDMX-HD:CL_CURRENCY[1.0].121">
        <structure:Description xml:lang="en">Russian ruble RUB</structure:Description>
      </structure:Code>
      <structure:Code value="122" urn="urn:sdmx:org.sdmx.infomodel.codelist.Code=SDMX-HD:CL_CURRENCY[1.0].122">
        <structure:Description xml:lang="en">Rwandan franc RWF</structure:Description>
      </structure:Code>
      <structure:Code value="123" urn="urn:sdmx:org.sdmx.infomodel.codelist.Code=SDMX-HD:CL_CURRENCY[1.0].123">
        <structure:Description xml:lang="en">Saint Helena pound SHP</structure:Description>
      </structure:Code>
      <structure:Code value="124" urn="urn:sdmx:org.sdmx.infomodel.codelist.Code=SDMX-HD:CL_CURRENCY[1.0].124">
        <structure:Description xml:lang="en">Samoan tala WST</structure:Description>
      </structure:Code>
      <structure:Code value="125" urn="urn:sdmx:org.sdmx.infomodel.codelist.Code=SDMX-HD:CL_CURRENCY[1.0].125">
        <structure:Description xml:lang="en">Sao Tome and Principe dobra STD</structure:Description>
      </structure:Code>
      <structure:Code value="126" urn="urn:sdmx:org.sdmx.infomodel.codelist.Code=SDMX-HD:CL_CURRENCY[1.0].126">
        <structure:Description xml:lang="en">Saudi riyal SAR</structure:Description>
      </structure:Code>
      <structure:Code value="127" urn="urn:sdmx:org.sdmx.infomodel.codelist.Code=SDMX-HD:CL_CURRENCY[1.0].127">
        <structure:Description xml:lang="en">Serbian dinar RSD</structure:Description>
      </structure:Code>
      <structure:Code value="128" urn="urn:sdmx:org.sdmx.infomodel.codelist.Code=SDMX-HD:CL_CURRENCY[1.0].128">
        <structure:Description xml:lang="en">Seychelles rupee SCR</structure:Description>
      </structure:Code>
      <structure:Code value="129" urn="urn:sdmx:org.sdmx.infomodel.codelist.Code=SDMX-HD:CL_CURRENCY[1.0].129">
        <structure:Description xml:lang="en">Sierra Leone leone SLL</structure:Description>
      </structure:Code>
      <structure:Code value="130" urn="urn:sdmx:org.sdmx.infomodel.codelist.Code=SDMX-HD:CL_CURRENCY[1.0].130">
        <structure:Description xml:lang="en">Silver (ounce) XAG</structure:Description>
      </structure:Code>
      <structure:Code value="131" urn="urn:sdmx:org.sdmx.infomodel.codelist.Code=SDMX-HD:CL_CURRENCY[1.0].131">
        <structure:Description xml:lang="en">Singapore dollar SGD</structure:Description>
      </structure:Code>
      <structure:Code value="132" urn="urn:sdmx:org.sdmx.infomodel.codelist.Code=SDMX-HD:CL_CURRENCY[1.0].132">
        <structure:Description xml:lang="en">Slovak koruna SKK</structure:Description>
      </structure:Code>
      <structure:Code value="133" urn="urn:sdmx:org.sdmx.infomodel.codelist.Code=SDMX-HD:CL_CURRENCY[1.0].133">
        <structure:Description xml:lang="en">Solomon Islands dollar SBD</structure:Description>
      </structure:Code>
      <structure:Code value="134" urn="urn:sdmx:org.sdmx.infomodel.codelist.Code=SDMX-HD:CL_CURRENCY[1.0].134">
        <structure:Description xml:lang="en">Somali shilling SOS</structure:Description>
      </structure:Code>
      <structure:Code value="135" urn="urn:sdmx:org.sdmx.infomodel.codelist.Code=SDMX-HD:CL_CURRENCY[1.0].135">
        <structure:Description xml:lang="en">South African rand ZAR</structure:Description>
      </structure:Code>
      <structure:Code value="136" urn="urn:sdmx:org.sdmx.infomodel.codelist.Code=SDMX-HD:CL_CURRENCY[1.0].136">
        <structure:Description xml:lang="en">South Korean won KRW</structure:Description>
      </structure:Code>
      <structure:Code value="137" urn="urn:sdmx:org.sdmx.infomodel.codelist.Code=SDMX-HD:CL_CURRENCY[1.0].137">
        <structure:Description xml:lang="en">Sri Lanka rupee LKR</structure:Description>
      </structure:Code>
      <structure:Code value="138" urn="urn:sdmx:org.sdmx.infomodel.codelist.Code=SDMX-HD:CL_CURRENCY[1.0].138">
        <structure:Description xml:lang="en">Sudanese pound SDG</structure:Description>
      </structure:Code>
      <structure:Code value="139" urn="urn:sdmx:org.sdmx.infomodel.codelist.Code=SDMX-HD:CL_CURRENCY[1.0].139">
        <structure:Description xml:lang="en">Suriname dollar SRD</structure:Description>
      </structure:Code>
      <structure:Code value="140" urn="urn:sdmx:org.sdmx.infomodel.codelist.Code=SDMX-HD:CL_CURRENCY[1.0].140">
        <structure:Description xml:lang="en">Swaziland lilangeni SZL</structure:Description>
      </structure:Code>
      <structure:Code value="141" urn="urn:sdmx:org.sdmx.infomodel.codelist.Code=SDMX-HD:CL_CURRENCY[1.0].141">
        <structure:Description xml:lang="en">Swedish krona SEK</structure:Description>
      </structure:Code>
      <structure:Code value="142" urn="urn:sdmx:org.sdmx.infomodel.codelist.Code=SDMX-HD:CL_CURRENCY[1.0].142">
        <structure:Description xml:lang="en">Swiss franc CHF</structure:Description>
      </structure:Code>
      <structure:Code value="143" urn="urn:sdmx:org.sdmx.infomodel.codelist.Code=SDMX-HD:CL_CURRENCY[1.0].143">
        <structure:Description xml:lang="en">Syrian pound SYP</structure:Description>
      </structure:Code>
      <structure:Code value="144" urn="urn:sdmx:org.sdmx.infomodel.codelist.Code=SDMX-HD:CL_CURRENCY[1.0].144">
        <structure:Description xml:lang="en">Taiwan New dollar TWD</structure:Description>
      </structure:Code>
      <structure:Code value="145" urn="urn:sdmx:org.sdmx.infomodel.codelist.Code=SDMX-HD:CL_CURRENCY[1.0].145">
        <structure:Description xml:lang="en">Tajik somoni TJS</structure:Description>
      </structure:Code>
      <structure:Code value="146" urn="urn:sdmx:org.sdmx.infomodel.codelist.Code=SDMX-HD:CL_CURRENCY[1.0].146">
        <structure:Description xml:lang="en">Tanzanian shilling TZS</structure:Description>
      </structure:Code>
      <structure:Code value="147" urn="urn:sdmx:org.sdmx.infomodel.codelist.Code=SDMX-HD:CL_CURRENCY[1.0].147">
        <structure:Description xml:lang="en">Thai baht THB</structure:Description>
      </structure:Code>
      <structure:Code value="148" urn="urn:sdmx:org.sdmx.infomodel.codelist.Code=SDMX-HD:CL_CURRENCY[1.0].148">
        <structure:Description xml:lang="en">Tongan pa'anga TOP</structure:Description>
      </structure:Code>
      <structure:Code value="149" urn="urn:sdmx:org.sdmx.infomodel.codelist.Code=SDMX-HD:CL_CURRENCY[1.0].149">
        <structure:Description xml:lang="en">Trinidad and Tobago dollar TTD</structure:Description>
      </structure:Code>
      <structure:Code value="150" urn="urn:sdmx:org.sdmx.infomodel.codelist.Code=SDMX-HD:CL_CURRENCY[1.0].150">
        <structure:Description xml:lang="en">Tunisian dinar TND</structure:Description>
      </structure:Code>
      <structure:Code value="151" urn="urn:sdmx:org.sdmx.infomodel.codelist.Code=SDMX-HD:CL_CURRENCY[1.0].151">
        <structure:Description xml:lang="en">Turkish lira TRY</structure:Description>
      </structure:Code>
      <structure:Code value="152" urn="urn:sdmx:org.sdmx.infomodel.codelist.Code=SDMX-HD:CL_CURRENCY[1.0].152">
        <structure:Description xml:lang="en">Turkmen manat TMM</structure:Description>
      </structure:Code>
      <structure:Code value="153" urn="urn:sdmx:org.sdmx.infomodel.codelist.Code=SDMX-HD:CL_CURRENCY[1.0].153">
        <structure:Description xml:lang="en">UAE dirham AED</structure:Description>
      </structure:Code>
      <structure:Code value="154" urn="urn:sdmx:org.sdmx.infomodel.codelist.Code=SDMX-HD:CL_CURRENCY[1.0].154">
        <structure:Description xml:lang="en">Uganda new shilling UGX</structure:Description>
      </structure:Code>
      <structure:Code value="155" urn="urn:sdmx:org.sdmx.infomodel.codelist.Code=SDMX-HD:CL_CURRENCY[1.0].155">
        <structure:Description xml:lang="en">UIC franc XFU</structure:Description>
      </structure:Code>
      <structure:Code value="156" urn="urn:sdmx:org.sdmx.infomodel.codelist.Code=SDMX-HD:CL_CURRENCY[1.0].156">
        <structure:Description xml:lang="en">Ukrainian hryvnia UAH</structure:Description>
      </structure:Code>
      <structure:Code value="157" urn="urn:sdmx:org.sdmx.infomodel.codelist.Code=SDMX-HD:CL_CURRENCY[1.0].157">
        <structure:Description xml:lang="en">Uruguayan peso uruguayo UYU</structure:Description>
      </structure:Code>
      <structure:Code value="158" urn="urn:sdmx:org.sdmx.infomodel.codelist.Code=SDMX-HD:CL_CURRENCY[1.0].158">
        <structure:Description xml:lang="en">US dollar USD</structure:Description>
      </structure:Code>
      <structure:Code value="159" urn="urn:sdmx:org.sdmx.infomodel.codelist.Code=SDMX-HD:CL_CURRENCY[1.0].159">
        <structure:Description xml:lang="en">Uzbekistani sum UZS</structure:Description>
      </structure:Code>
      <structure:Code value="160" urn="urn:sdmx:org.sdmx.infomodel.codelist.Code=SDMX-HD:CL_CURRENCY[1.0].160">
        <structure:Description xml:lang="en">Vanuatu vatu VUV</structure:Description>
      </structure:Code>
      <structure:Code value="161" urn="urn:sdmx:org.sdmx.infomodel.codelist.Code=SDMX-HD:CL_CURRENCY[1.0].161">
        <structure:Description xml:lang="en">Venezuelan bolivar fuerte VEF</structure:Description>
      </structure:Code>
      <structure:Code value="162" urn="urn:sdmx:org.sdmx.infomodel.codelist.Code=SDMX-HD:CL_CURRENCY[1.0].162">
        <structure:Description xml:lang="en">Vietnamese dong VND</structure:Description>
      </structure:Code>
      <structure:Code value="163" urn="urn:sdmx:org.sdmx.infomodel.codelist.Code=SDMX-HD:CL_CURRENCY[1.0].163">
        <structure:Description xml:lang="en">Yemeni rial YER</structure:Description>
      </structure:Code>
      <structure:Code value="164" urn="urn:sdmx:org.sdmx.infomodel.codelist.Code=SDMX-HD:CL_CURRENCY[1.0].164">
        <structure:Description xml:lang="en">Zambian kwacha ZMK</structure:Description>
      </structure:Code>
      <structure:Code value="165" urn="urn:sdmx:org.sdmx.infomodel.codelist.Code=SDMX-HD:CL_CURRENCY[1.0].165">
        <structure:Description xml:lang="en">Zimbabwe dollar ZWD</structure:Description>
      </structure:Code>
    </structure:CodeList>
  </CodeLists>
</Structure>

