<?xml version="1.0" encoding="UTF-8"?>
<Structure xmlns="http://www.SDMX.org/resources/SDMXML/schemas/v2_0/message" xmlns:structure="http://www.SDMX.org/resources/SDMXML/schemas/v2_0/structure" xmlns:xsi="http://www.w3.org/2001/XMLSchema-instance" xsi:schemaLocation="http://www.SDMX.org/resources/SDMXML/schemas/v2_0/message SDMXMessage.xsd">
  <Header>
    <ID>REGISTRY_RESPONSE</ID>
    <Test>true</Test>
    <Truncated>false</Truncated>
    <Prepared>2009-02-05T11:42:14</Prepared>
    <Sender id="EUROSTAT" />
    <Extracted>2009-02-05T11:42:14</Extracted>
  </Header>
  <CodeLists>
    <structure:CodeList id="CL_DSTYPE" agencyID="WHO" version="1.0" isFinal="true">
      <structure:Name xml:lang="en">Data Source Type</structure:Name>
      <structure:Description xml:lang="en">Data source type.</structure:Description>
      <structure:Code value="1" parentCode="" urn="">
        <structure:Description xml:lang="en">Population census</structure:Description>
      </structure:Code>
      <structure:Code value="2" parentCode="" urn="">
        <structure:Description xml:lang="en">Household survey</structure:Description>
      </structure:Code>
      <structure:Code value="3" parentCode="" urn="">
        <structure:Description xml:lang="en">Civil registration</structure:Description>
      </structure:Code>
      <structure:Code value="4" parentCode="" urn="">
        <structure:Description xml:lang="en">Disease surveillance</structure:Description>
      </structure:Code>
      <structure:Code value="5" parentCode="" urn="">
        <structure:Description xml:lang="en">Individual or patient records</structure:Description>
      </structure:Code>
      <structure:Code value="6" parentCode="" urn="">
        <structure:Description xml:lang="en">Service or facility records</structure:Description>
      </structure:Code>
      <structure:Code value="7" parentCode="" urn="">
        <structure:Description xml:lang="en">National health accounts</structure:Description>
      </structure:Code>
      <structure:Code value="777" parentCode="" urn="">
        <structure:Description xml:lang="en">Not Applicable</structure:Description>
      </structure:Code>
      <structure:Code value="999" parentCode="" urn="">
        <structure:Description xml:lang="en">Unknown</structure:Description>
      </structure:Code>
    </structure:CodeList>
  </CodeLists>
</Structure>

