<?xml version="1.0" encoding="UTF-8"?>
<Structure xmlns="http://www.SDMX.org/resources/SDMXML/schemas/v2_0/message" xmlns:structure="http://www.SDMX.org/resources/SDMXML/schemas/v2_0/structure" xmlns:xsi="http://www.w3.org/2001/XMLSchema-instance" xsi:schemaLocation="http://www.SDMX.org/resources/SDMXML/schemas/v2_0/message SDMXMessage.xsd">
  <Header>
    <ID>SDMX-HD-DSD</ID>
    <Test>false</Test>
    <Truncated>false</Truncated>
    <Name xml:lang="en">SDMX Health Domain</Name>
    <Prepared>2009-03-20</Prepared>
    <Sender id="HSID">
      <Name>Health Statistics and Informatics Department </Name>
      <Contact>
        <Name xml:lang="en">Contact Name</Name>
        <Department>Agency Department Name</Department>
        <Telephone>+00.0000.0000</Telephone>
        <Email>user@host.com</Email>
      </Contact>
    </Sender>
    <Extracted>2009-03-20T13:03:46</Extracted>
  </Header>
  <CodeLists>
    <structure:CodeList id="CL_DIMPACT" agencyID="SDMX-HD" version="1.0" isFinal="true" urn="urn:sdmx:org.sdmx.infomodel.codelist=SDMX-HD:CL_DIMPACT">
      <structure:Name xml:lang="en">Disease Impact</structure:Name>
      <structure:Description xml:lang="en">Disease impact.</structure:Description>
      <structure:Code value="777" urn="urn:sdmx:org.sdmx.infomodel.codelist.Code=SDMX-HD:CL_DIMPACT[1.0].">
        <structure:Description xml:lang="en">Not Applicable</structure:Description>
      </structure:Code>
    </structure:CodeList>
  </CodeLists>
</Structure>

