<?xml version="1.0" encoding="UTF-8"?>
<Structure xmlns="http://www.SDMX.org/resources/SDMXML/schemas/v2_0/message" xmlns:structure="http://www.SDMX.org/resources/SDMXML/schemas/v2_0/structure" xmlns:xsi="http://www.w3.org/2001/XMLSchema-instance" xsi:schemaLocation="http://www.SDMX.org/resources/SDMXML/schemas/v2_0/message SDMXMessage.xsd">
  <Header>
    <ID>SDMX-HD</ID>
    <Test>true</Test>
    <Truncated>false</Truncated>
    <Prepared>2009-02-06T15:36:31</Prepared>
    <Sender id="SDMX-HD" />
    <Extracted>2009-02-06T15:36:31</Extracted>
  </Header>
  <CodeLists>
    <structure:CodeList id="CL_GEOGRAPHIC_PLACE_NAME" agencyID="SDMX-HD" version="1.0" urn="urn:sdmx:org.sdmx.infomodel.codelist=SDMX-HD:CL_GEOGRAPHIC_PLACE_NAME" >
      <structure:Name xml:lang="en">Indicator</structure:Name>
    </structure:CodeList>
  </CodeLists>
</Structure>

