<?xml version="1.0" encoding="UTF-8"?>
<Structure xmlns="http://www.SDMX.org/resources/SDMXML/schemas/v2_0/message" xmlns:structure="http://www.SDMX.org/resources/SDMXML/schemas/v2_0/structure" xmlns:xsi="http://www.w3.org/2001/XMLSchema-instance" xsi:schemaLocation="http://www.SDMX.org/resources/SDMXML/schemas/v2_0/message SDMXMessage.xsd">
  <Header>
    <ID>REGISTRY_RESPONSE</ID>
    <Test>true</Test>
    <Truncated>false</Truncated>
    <Prepared>2009-01-27T15:43:14</Prepared>
    <Sender id="EUROSTAT" />
    <Extracted>2009-01-27T15:43:14</Extracted>
  </Header>
  <CodeLists>
    <structure:CodeList id="CL_HIF1" agencyID="WHO" version="1.0" isFinal="true">
      <structure:Name xml:lang="en">Health Indicator Framework</structure:Name>
      <structure:Description xml:lang="en">ISO Health Indicator level 1.</structure:Description>
      <structure:Code value="1" parentCode="" urn="">
        <structure:Description xml:lang="en">Health status</structure:Description>
      </structure:Code>
      <structure:Code value="2" parentCode="" urn="">
        <structure:Description xml:lang="en">Non-medical determinants of health</structure:Description>
      </structure:Code>
      <structure:Code value="3" parentCode="" urn="">
        <structure:Description xml:lang="en">Health system performance</structure:Description>
      </structure:Code>
      <structure:Code value="4" parentCode="" urn="">
        <structure:Description xml:lang="en">Community and health system characteristics</structure:Description>
      </structure:Code>
    </structure:CodeList>
  </CodeLists>
</Structure>

