<?xml version="1.0" encoding="UTF-8"?>
<Structure xmlns="http://www.SDMX.org/resources/SDMXML/schemas/v2_0/message" xmlns:structure="http://www.SDMX.org/resources/SDMXML/schemas/v2_0/structure" xmlns:xsi="http://www.w3.org/2001/XMLSchema-instance" xsi:schemaLocation="http://www.SDMX.org/resources/SDMXML/schemas/v2_0/message SDMXMessage.xsd">
  <Header>
    <ID>REGISTRY_RESPONSE</ID>
    <Test>true</Test>
    <Truncated>false</Truncated>
    <Prepared>2009-02-05T11:44:23</Prepared>
    <Sender id="EUROSTAT" />
    <Extracted>2009-02-05T11:44:23</Extracted>
  </Header>
  <CodeLists>
    <structure:CodeList id="CL_MORG" agencyID="WHO" version="1.0" isFinal="true">
      <structure:Name xml:lang="en">Maintaining Organization</structure:Name>
      <structure:Description xml:lang="en">Organization maintaining indicator definition.</structure:Description>
      <structure:Code value="1" parentCode="" urn="">
        <structure:Description xml:lang="en">World Health Organization (WHO)</structure:Description>
      </structure:Code>
      <structure:Code value="2" parentCode="" urn="">
        <structure:Description xml:lang="en">Joint United Nations Programme on HIV/AIDS (UNAIDS)</structure:Description>
      </structure:Code>
      <structure:Code value="3" parentCode="" urn="">
        <structure:Description xml:lang="en">United States Government (USG)</structure:Description>
      </structure:Code>
      <structure:Code value="999" parentCode="" urn="">
        <structure:Description xml:lang="en">Unknown</structure:Description>
      </structure:Code>
    </structure:CodeList>
  </CodeLists>
</Structure>

