<?xml version="1.0" encoding="UTF-8"?>
<Structure xmlns="http://www.SDMX.org/resources/SDMXML/schemas/v2_0/message" xmlns:structure="http://www.SDMX.org/resources/SDMXML/schemas/v2_0/structure" xmlns:xsi="http://www.w3.org/2001/XMLSchema-instance" xsi:schemaLocation="http://www.SDMX.org/resources/SDMXML/schemas/v2_0/message SDMXMessage.xsd">
  <Header>
    <ID>REGISTRY_RESPONSE</ID>
    <Test>true</Test>
    <Truncated>false</Truncated>
    <Prepared>2009-02-05T11:45:52</Prepared>
    <Sender id="EUROSTAT" />
    <Extracted>2009-02-05T11:45:52</Extracted>
  </Header>
  <CodeLists>
    <structure:CodeList id="CL_PSTATUS" agencyID="WHO" version="1.0" isFinal="true">
      <structure:Name xml:lang="en">Programme Status</structure:Name>
      <structure:Description xml:lang="en">Programme status.</structure:Description>
      <structure:Code value="1" parentCode="" urn="">
        <structure:Description xml:lang="en">Cancelled</structure:Description>
      </structure:Code>
      <structure:Code value="2" parentCode="" urn="">
        <structure:Description xml:lang="en">Cloned</structure:Description>
      </structure:Code>
      <structure:Code value="3" parentCode="" urn="">
        <structure:Description xml:lang="en">Committed</structure:Description>
      </structure:Code>
      <structure:Code value="4" parentCode="" urn="">
        <structure:Description xml:lang="en">Completed</structure:Description>
      </structure:Code>
      <structure:Code value="5" parentCode="" urn="">
        <structure:Description xml:lang="en">In Abeyance</structure:Description>
      </structure:Code>
      <structure:Code value="6" parentCode="" urn="">
        <structure:Description xml:lang="en">Ongoing</structure:Description>
      </structure:Code>
      <structure:Code value="7" parentCode="" urn="">
        <structure:Description xml:lang="en">Other</structure:Description>
      </structure:Code>
      <structure:Code value="8" parentCode="" urn="">
        <structure:Description xml:lang="en">Planned</structure:Description>
      </structure:Code>
      <structure:Code value="777" parentCode="" urn="">
        <structure:Description xml:lang="en">Not Applicable</structure:Description>
      </structure:Code>
      <structure:Code value="888" parentCode="" urn="">
        <structure:Description xml:lang="en">All</structure:Description>
      </structure:Code>
      <structure:Code value="999" parentCode="" urn="">
        <structure:Description xml:lang="en">Unknown</structure:Description>
      </structure:Code>
    </structure:CodeList>
  </CodeLists>
</Structure>

