<?xml version="1.0" encoding="UTF-8"?>
<Structure xmlns="http://www.SDMX.org/resources/SDMXML/schemas/v2_0/message" xmlns:structure="http://www.SDMX.org/resources/SDMXML/schemas/v2_0/structure" xmlns:xsi="http://www.w3.org/2001/XMLSchema-instance" xsi:schemaLocation="http://www.SDMX.org/resources/SDMXML/schemas/v2_0/message SDMXMessage.xsd">
  <Header>
    <ID>REGISTRY_RESPONSE</ID>
    <Test>true</Test>
    <Truncated>false</Truncated>
    <Prepared>2009-02-05T11:45:28</Prepared>
    <Sender id="EUROSTAT" />
    <Extracted>2009-02-05T11:45:28</Extracted>
  </Header>
  <CodeLists>
    <structure:CodeList id="CL_PREFERED" agencyID="WHO" version="1.0" isFinal="true">
      <structure:Name xml:lang="en">Prefered Indicator</structure:Name>
      <structure:Description xml:lang="en">Prefered indicator.</structure:Description>
      <structure:Code value="0" parentCode="" urn="">
        <structure:Description xml:lang="en">No</structure:Description>
      </structure:Code>
      <structure:Code value="1" parentCode="" urn="">
        <structure:Description xml:lang="en">Yes</structure:Description>
      </structure:Code>
      <structure:Code value="777" parentCode="" urn="">
        <structure:Description xml:lang="en">Not Applicable</structure:Description>
      </structure:Code>
      <structure:Code value="999" parentCode="" urn="">
        <structure:Description xml:lang="en">Unknown</structure:Description>
      </structure:Code>
    </structure:CodeList>
  </CodeLists>
</Structure>

