<?xml version="1.0" encoding="UTF-8"?>
<Structure xmlns="http://www.SDMX.org/resources/SDMXML/schemas/v2_0/message" xmlns:structure="http://www.SDMX.org/resources/SDMXML/schemas/v2_0/structure" xmlns:xsi="http://www.w3.org/2001/XMLSchema-instance" xsi:schemaLocation="http://www.SDMX.org/resources/SDMXML/schemas/v2_0/message SDMXMessage.xsd">
  <Header>
    <ID>REGISTRY_RESPONSE</ID>
    <Test>true</Test>
    <Truncated>false</Truncated>
    <Prepared>2009-02-05T11:45:22</Prepared>
    <Sender id="EUROSTAT" />
    <Extracted>2009-02-05T11:45:22</Extracted>
  </Header>
  <CodeLists>
    <structure:CodeList id="CL_PERIODICITY" agencyID="WHO" version="1.0" isFinal="true">
      <structure:Name xml:lang="en">Periodicity</structure:Name>
      <structure:Description xml:lang="en">Periodicity.</structure:Description>
      <structure:Code value="1" parentCode="" urn="">
        <structure:Description xml:lang="en">Day</structure:Description>
      </structure:Code>
      <structure:Code value="2" parentCode="" urn="">
        <structure:Description xml:lang="en">Week</structure:Description>
      </structure:Code>
      <structure:Code value="3" parentCode="" urn="">
        <structure:Description xml:lang="en">Month</structure:Description>
      </structure:Code>
      <structure:Code value="4" parentCode="" urn="">
        <structure:Description xml:lang="en">Quarter</structure:Description>
      </structure:Code>
      <structure:Code value="5" parentCode="" urn="">
        <structure:Description xml:lang="en">Biannual (Six months)</structure:Description>
      </structure:Code>
      <structure:Code value="6" parentCode="" urn="">
        <structure:Description xml:lang="en">Annual</structure:Description>
      </structure:Code>
      <structure:Code value="7" parentCode="" urn="">
        <structure:Description xml:lang="en">Biennial (Two years)</structure:Description>
      </structure:Code>
      <structure:Code value="8" parentCode="" urn="">
        <structure:Description xml:lang="en">Every 2-3 years</structure:Description>
      </structure:Code>
      <structure:Code value="9" parentCode="" urn="">
        <structure:Description xml:lang="en">Every 2-4 years</structure:Description>
      </structure:Code>
      <structure:Code value="10" parentCode="" urn="">
        <structure:Description xml:lang="en">Every 3-5 years</structure:Description>
      </structure:Code>
      <structure:Code value="11" parentCode="" urn="">
        <structure:Description xml:lang="en">Every 4-5 years</structure:Description>
      </structure:Code>
      <structure:Code value="12" parentCode="" urn="">
        <structure:Description xml:lang="en">Continuously</structure:Description>
      </structure:Code>
      <structure:Code value="13" parentCode="" urn="">
        <structure:Description xml:lang="en">Ad hoc</structure:Description>
      </structure:Code>
      <structure:Code value="14" parentCode="" urn="">
        <structure:Description xml:lang="en">Periodic</structure:Description>
      </structure:Code>
    </structure:CodeList>
  </CodeLists>
</Structure>

