<?xml version="1.0" encoding="UTF-8"?>
<Structure xmlns="http://www.SDMX.org/resources/SDMXML/schemas/v2_0/message" xmlns:structure="http://www.SDMX.org/resources/SDMXML/schemas/v2_0/structure" xmlns:xsi="http://www.w3.org/2001/XMLSchema-instance" xsi:schemaLocation="http://www.SDMX.org/resources/SDMXML/schemas/v2_0/message SDMXMessage.xsd">
  <Header>
    <ID>SDMX-HD</ID>
    <Test>false</Test>
    <Truncated>false</Truncated>
    <Prepared>2009-02-16T12:55:55</Prepared>
    <Sender id="SDMX-HD" />
    <Extracted>2009-02-16T12:55:55</Extracted>
  </Header>
  <CodeLists>
    <structure:CodeList id="CL_VALUE_TYPE" agencyID="USG" version="1.0" urn="urn:sdmx:org.sdmx.infomodel.codelist=SDMX-HD:CL_VALUE_TYPE" >
      <structure:Name xml:lang="fr">Type de valeur</structure:Name>
      <structure:Name xml:lang="en">Value Type</structure:Name>
      <structure:Code value="0" urn="urn:sdmx:org.sdmx.infomodel.codelist.Code=SDMX-HD:CL_VALUE_TYPE">
        <structure:Description xml:lang="fr">Cible</structure:Description>
        <structure:Description xml:lang="en">Target</structure:Description>
      </structure:Code>
      <structure:Code value="1" urn="urn:sdmx:org.sdmx.infomodel.codelist.Code=SDMX-HD:CL_VALUE_TYPE">
        <structure:Description xml:lang="fr">Realisation</structure:Description>
        <structure:Description xml:lang="en">Accomplishment</structure:Description>
      </structure:Code>
    </structure:CodeList>
  </CodeLists>
</Structure>

