<?xml version="1.0" encoding="UTF-8"?>
<Structure xmlns="http://www.SDMX.org/resources/SDMXML/schemas/v2_0/message" xmlns:structure="http://www.SDMX.org/resources/SDMXML/schemas/v2_0/structure" xmlns:xsi="http://www.w3.org/2001/XMLSchema-instance" xsi:schemaLocation="http://www.SDMX.org/resources/SDMXML/schemas/v2_0/message SDMXMessage.xsd">
  <Header>
    <ID>REGISTRY_RESPONSE</ID>
    <Test>true</Test>
    <Truncated>false</Truncated>
    <Prepared>2009-02-06T15:36:31</Prepared>
    <Sender id="EUROSTAT" />
    <Extracted>2009-02-06T15:36:31</Extracted>
  </Header>
  <CodeLists>
    <structure:CodeList id="CL_WEIGHT" agencyID="WHO" version="1.1" isFinal="true">
      <structure:Name xml:lang="en">Weight</structure:Name>
      <structure:Description xml:lang="en">Weight.</structure:Description>
      <structure:Code value="1" parentCode="" urn="">
        <structure:Description xml:lang="en">Pounds</structure:Description>
      </structure:Code>
      <structure:Code value="2" parentCode="" urn="">
        <structure:Description xml:lang="en">Kilograms</structure:Description>
      </structure:Code>
      <structure:Code value="3" parentCode="" urn="">
        <structure:Description xml:lang="en">Metric Tons</structure:Description>
      </structure:Code>
      <structure:Code value="4" parentCode="" urn="">
        <structure:Description xml:lang="en">Kilometers</structure:Description>
      </structure:Code>
      <structure:Code value="5" parentCode="" urn="">
        <structure:Description xml:lang="en">Miles</structure:Description>
      </structure:Code>
    </structure:CodeList>
  </CodeLists>
</Structure>

